eval_id,rater_id,rater_position,rating,response_length,query_complexity,domain,true_quality,difficulty
1,10,1,5,long,simple,creative,4,1
1,14,2,3,long,simple,creative,4,1
1,2,3,3,long,simple,creative,4,1
2,12,1,3,long,moderate,technical,3,1
2,11,2,3,long,moderate,technical,3,1
2,6,3,3,long,moderate,technical,3,1
3,3,1,2,medium,simple,opinion,1,2
3,4,2,2,medium,simple,opinion,1,2
3,11,3,1,medium,simple,opinion,1,2
4,10,1,5,long,complex,creative,4,2
4,7,2,4,long,complex,creative,4,2
4,4,3,3,long,complex,creative,4,2
5,10,1,4,short,moderate,creative,3,1
5,7,2,3,short,moderate,creative,3,1
5,11,3,3,short,moderate,creative,3,1
6,10,1,1,short,moderate,opinion,2,2
6,7,2,2,short,moderate,opinion,2,2
6,1,3,2,short,moderate,opinion,2,2
7,13,1,3,short,complex,opinion,3,3
7,11,2,3,short,complex,opinion,3,3
7,10,3,3,short,complex,opinion,3,3
8,2,1,5,medium,complex,creative,5,2
8,13,2,5,medium,complex,creative,5,2
8,12,3,5,medium,complex,creative,5,2
9,4,1,2,short,moderate,factual,2,1
9,7,2,2,short,moderate,factual,2,1
9,3,3,1,short,moderate,factual,2,1
10,9,1,5,short,simple,technical,5,1
10,5,2,5,short,simple,technical,5,1
10,10,3,5,short,simple,technical,5,1
11,13,1,3,medium,moderate,factual,3,1
11,12,2,4,medium,moderate,factual,3,1
11,7,3,2,medium,moderate,factual,3,1
12,6,1,1,short,complex,factual,2,2
12,9,2,1,short,complex,factual,2,2
12,10,3,3,short,complex,factual,2,2
13,12,1,3,long,moderate,technical,3,1
13,7,2,2,long,moderate,technical,3,1
13,14,3,3,long,moderate,technical,3,1
14,9,1,3,medium,moderate,opinion,3,2
14,2,2,1,medium,moderate,opinion,3,2
14,1,3,1,medium,moderate,opinion,3,2
15,15,1,1,medium,moderate,factual,1,1
15,4,2,1,medium,moderate,factual,1,1
15,3,3,1,medium,moderate,factual,1,1
16,9,1,1,long,simple,creative,1,1
16,15,2,2,long,simple,creative,1,1
16,10,3,1,long,simple,creative,1,1
17,8,1,1,long,moderate,factual,1,1
17,15,2,2,long,moderate,factual,1,1
17,11,3,1,long,moderate,factual,1,1
18,1,1,4,medium,moderate,opinion,4,2
18,3,2,5,medium,moderate,opinion,4,2
18,6,3,5,medium,moderate,opinion,4,2
19,4,1,5,medium,simple,opinion,4,2
19,12,2,5,medium,simple,opinion,4,2
19,5,3,3,medium,simple,opinion,4,2
20,3,1,1,short,moderate,creative,1,1
20,12,2,1,short,moderate,creative,1,1
20,10,3,2,short,moderate,creative,1,1
21,12,1,5,long,simple,technical,5,1
21,2,2,5,long,simple,technical,5,1
21,13,3,5,long,simple,technical,5,1
22,7,1,4,medium,moderate,technical,5,1
22,4,2,5,medium,moderate,technical,5,1
22,2,3,5,medium,moderate,technical,5,1
23,14,1,2,long,moderate,technical,1,1
23,15,2,1,long,moderate,technical,1,1
23,1,3,2,long,moderate,technical,1,1
24,9,1,3,long,moderate,factual,2,1
24,2,2,2,long,moderate,factual,2,1
24,11,3,2,long,moderate,factual,2,1
25,1,1,4,medium,moderate,creative,3,1
25,15,2,3,medium,moderate,creative,3,1
25,11,3,2,medium,moderate,creative,3,1
26,15,1,1,short,moderate,opinion,1,2
26,13,2,2,short,moderate,opinion,1,2
26,2,3,1,short,moderate,opinion,1,2
27,12,1,4,medium,moderate,factual,3,1
27,14,2,2,medium,moderate,factual,3,1
27,1,3,2,medium,moderate,factual,3,1
28,3,1,1,long,moderate,technical,1,1
28,6,2,1,long,moderate,technical,1,1
28,2,3,2,long,moderate,technical,1,1
29,5,1,3,medium,simple,opinion,2,2
29,15,2,1,medium,simple,opinion,2,2
29,8,3,3,medium,simple,opinion,2,2
30,10,1,5,long,simple,creative,5,1
30,15,2,5,long,simple,creative,5,1
30,4,3,4,long,simple,creative,5,1
31,2,1,5,short,simple,factual,5,1
31,4,2,5,short,simple,factual,5,1
31,15,3,4,short,simple,factual,5,1
32,9,1,1,long,moderate,factual,1,1
32,2,2,1,long,moderate,factual,1,1
32,7,3,1,long,moderate,factual,1,1
33,3,1,1,medium,moderate,factual,1,1
33,8,2,1,medium,moderate,factual,1,1
33,7,3,1,medium,moderate,factual,1,1
34,8,1,2,short,moderate,factual,4,1
34,5,2,4,short,moderate,factual,4,1
34,2,3,5,short,moderate,factual,4,1
35,12,1,1,medium,moderate,factual,1,1
35,1,2,1,medium,moderate,factual,1,1
35,4,3,1,medium,moderate,factual,1,1
36,12,1,3,long,complex,factual,3,2
36,4,2,2,long,complex,factual,3,2
36,15,3,4,long,complex,factual,3,2
37,8,1,5,medium,simple,technical,5,1
37,15,2,5,medium,simple,technical,5,1
37,5,3,5,medium,simple,technical,5,1
38,13,1,4,medium,complex,factual,3,2
38,11,2,5,medium,complex,factual,3,2
38,5,3,3,medium,complex,factual,3,2
39,12,1,4,long,moderate,technical,4,1
39,9,2,4,long,moderate,technical,4,1
39,6,3,3,long,moderate,technical,4,1
40,11,1,4,short,moderate,factual,4,1
40,8,2,4,short,moderate,factual,4,1
40,7,3,3,short,moderate,factual,4,1
41,6,1,3,medium,simple,creative,4,1
41,10,2,5,medium,simple,creative,4,1
41,1,3,3,medium,simple,creative,4,1
42,14,1,1,medium,moderate,factual,1,1
42,10,2,2,medium,moderate,factual,1,1
42,4,3,1,medium,moderate,factual,1,1
43,4,1,3,medium,moderate,technical,3,1
43,2,2,3,medium,moderate,technical,3,1
43,8,3,3,medium,moderate,technical,3,1
44,14,1,5,long,complex,opinion,4,3
44,8,2,2,long,complex,opinion,4,3
44,11,3,5,long,complex,opinion,4,3
45,7,1,4,medium,complex,creative,4,2
45,6,2,2,medium,complex,creative,4,2
45,2,3,3,medium,complex,creative,4,2
46,12,1,5,long,moderate,opinion,4,2
46,11,2,4,long,moderate,opinion,4,2
46,8,3,4,long,moderate,opinion,4,2
47,2,1,3,long,complex,creative,2,2
47,8,2,2,long,complex,creative,2,2
47,13,3,2,long,complex,creative,2,2
48,11,1,4,short,simple,factual,4,1
48,14,2,4,short,simple,factual,4,1
48,12,3,3,short,simple,factual,4,1
49,4,1,5,long,simple,technical,5,1
49,3,2,5,long,simple,technical,5,1
49,7,3,5,long,simple,technical,5,1
50,12,1,5,short,moderate,technical,5,1
50,10,2,5,short,moderate,technical,5,1
50,15,3,5,short,moderate,technical,5,1
51,5,1,3,medium,simple,opinion,4,2
51,9,2,4,medium,simple,opinion,4,2
51,1,3,3,medium,simple,opinion,4,2
52,2,1,4,medium,moderate,opinion,2,2
52,3,2,1,medium,moderate,opinion,2,2
52,7,3,3,medium,moderate,opinion,2,2
53,5,1,1,medium,moderate,factual,2,1
53,15,2,2,medium,moderate,factual,2,1
53,8,3,2,medium,moderate,factual,2,1
54,14,1,3,short,complex,opinion,2,3
54,12,2,2,short,complex,opinion,2,3
54,13,3,4,short,complex,opinion,2,3
55,12,1,4,medium,moderate,opinion,5,2
55,13,2,5,medium,moderate,opinion,5,2
55,14,3,5,medium,moderate,opinion,5,2
56,10,1,5,short,simple,opinion,5,2
56,12,2,5,short,simple,opinion,5,2
56,6,3,4,short,simple,opinion,5,2
57,10,1,5,short,complex,factual,4,2
57,8,2,3,short,complex,factual,4,2
57,13,3,3,short,complex,factual,4,2
58,11,1,5,medium,complex,opinion,5,3
58,13,2,4,medium,complex,opinion,5,3
58,10,3,5,medium,complex,opinion,5,3
59,3,1,2,medium,moderate,factual,1,1
59,15,2,1,medium,moderate,factual,1,1
59,12,3,1,medium,moderate,factual,1,1
60,6,1,3,short,moderate,technical,5,1
60,13,2,5,short,moderate,technical,5,1
60,12,3,5,short,moderate,technical,5,1
61,13,1,5,short,moderate,opinion,5,2
61,12,2,5,short,moderate,opinion,5,2
61,7,3,4,short,moderate,opinion,5,2
62,2,1,1,long,simple,factual,2,1
62,4,2,2,long,simple,factual,2,1
62,8,3,3,long,simple,factual,2,1
63,4,1,1,short,moderate,technical,1,1
63,15,2,1,short,moderate,technical,1,1
63,6,3,1,short,moderate,technical,1,1
64,5,1,3,short,moderate,technical,3,1
64,15,2,3,short,moderate,technical,3,1
64,12,3,1,short,moderate,technical,3,1
65,15,1,4,long,moderate,opinion,4,2
65,9,2,3,long,moderate,opinion,4,2
65,14,3,3,long,moderate,opinion,4,2
66,7,1,2,medium,complex,creative,2,2
66,2,2,3,medium,complex,creative,2,2
66,4,3,2,medium,complex,creative,2,2
67,14,1,3,medium,simple,technical,3,1
67,9,2,2,medium,simple,technical,3,1
67,12,3,3,medium,simple,technical,3,1
68,10,1,5,long,moderate,factual,5,1
68,6,2,4,long,moderate,factual,5,1
68,4,3,4,long,moderate,factual,5,1
69,7,1,1,short,moderate,factual,2,1
69,15,2,3,short,moderate,factual,2,1
69,12,3,2,short,moderate,factual,2,1
70,5,1,2,medium,complex,creative,3,2
70,12,2,2,medium,complex,creative,3,2
70,4,3,3,medium,complex,creative,3,2
71,14,1,4,medium,complex,technical,4,2
71,15,2,2,medium,complex,technical,4,2
71,12,3,5,medium,complex,technical,4,2
72,2,1,4,medium,moderate,opinion,4,2
72,6,2,4,medium,moderate,opinion,4,2
72,9,3,4,medium,moderate,opinion,4,2
73,6,1,1,medium,moderate,creative,2,1
73,14,2,2,medium,moderate,creative,2,1
73,8,3,1,medium,moderate,creative,2,1
74,12,1,4,medium,simple,technical,3,1
74,9,2,3,medium,simple,technical,3,1
74,4,3,3,medium,simple,technical,3,1
75,4,1,1,medium,moderate,technical,1,1
75,14,2,1,medium,moderate,technical,1,1
75,5,3,2,medium,moderate,technical,1,1
76,8,1,2,short,complex,technical,3,2
76,3,2,5,short,complex,technical,3,2
76,4,3,4,short,complex,technical,3,2
77,1,1,1,medium,simple,factual,1,1
77,9,2,2,medium,simple,factual,1,1
77,12,3,1,medium,simple,factual,1,1
78,10,1,3,medium,moderate,creative,4,1
78,12,2,4,medium,moderate,creative,4,1
78,1,3,5,medium,moderate,creative,4,1
79,5,1,4,short,moderate,factual,5,1
79,15,2,5,short,moderate,factual,5,1
79,10,3,5,short,moderate,factual,5,1
80,10,1,5,medium,moderate,technical,5,1
80,7,2,5,medium,moderate,technical,5,1
80,14,3,5,medium,moderate,technical,5,1
81,5,1,5,short,moderate,factual,5,1
81,3,2,5,short,moderate,factual,5,1
81,15,3,5,short,moderate,factual,5,1
82,2,1,5,medium,simple,factual,5,1
82,15,2,4,medium,simple,factual,5,1
82,11,3,5,medium,simple,factual,5,1
83,3,1,4,medium,moderate,factual,5,1
83,13,2,5,medium,moderate,factual,5,1
83,5,3,5,medium,moderate,factual,5,1
84,8,1,5,short,complex,opinion,4,3
84,3,2,4,short,complex,opinion,4,3
84,7,3,2,short,complex,opinion,4,3
85,14,1,2,short,complex,factual,2,2
85,12,2,1,short,complex,factual,2,2
85,9,3,2,short,complex,factual,2,2
86,15,1,5,short,moderate,factual,5,1
86,12,2,5,short,moderate,factual,5,1
86,2,3,5,short,moderate,factual,5,1
87,15,1,1,medium,simple,factual,1,1
87,10,2,1,medium,simple,factual,1,1
87,5,3,2,medium,simple,factual,1,1
88,4,1,3,medium,complex,factual,2,2
88,10,2,5,medium,complex,factual,2,2
88,3,3,1,medium,complex,factual,2,2
89,13,1,3,medium,complex,opinion,2,3
89,9,2,2,medium,complex,opinion,2,3
89,2,3,2,medium,complex,opinion,2,3
90,5,1,1,medium,moderate,factual,1,1
90,9,2,2,medium,moderate,factual,1,1
90,12,3,1,medium,moderate,factual,1,1
91,2,1,4,short,simple,opinion,4,2
91,12,2,3,short,simple,opinion,4,2
91,15,3,4,short,simple,opinion,4,2
92,12,1,1,medium,moderate,opinion,2,2
92,5,2,5,medium,moderate,opinion,2,2
92,6,3,2,medium,moderate,opinion,2,2
93,15,1,1,medium,simple,technical,2,1
93,10,2,1,medium,simple,technical,2,1
93,6,3,2,medium,simple,technical,2,1
94,12,1,5,long,complex,technical,5,2
94,3,2,5,long,complex,technical,5,2
94,9,3,3,long,complex,technical,5,2
95,12,1,5,long,moderate,factual,5,1
95,5,2,5,long,moderate,factual,5,1
95,11,3,5,long,moderate,factual,5,1
96,12,1,1,short,complex,opinion,1,3
96,10,2,2,short,complex,opinion,1,3
96,9,3,2,short,complex,opinion,1,3
97,9,1,3,medium,complex,factual,2,2
97,7,2,2,medium,complex,factual,2,2
97,10,3,1,medium,complex,factual,2,2
98,6,1,4,short,moderate,factual,4,1
98,2,2,4,short,moderate,factual,4,1
98,5,3,3,short,moderate,factual,4,1
99,12,1,4,short,simple,opinion,5,2
99,11,2,4,short,simple,opinion,5,2
99,2,3,5,short,simple,opinion,5,2
100,2,1,3,short,complex,technical,1,2
100,7,2,1,short,complex,technical,1,2
100,11,3,1,short,complex,technical,1,2
101,7,1,1,short,moderate,technical,1,1
101,10,2,1,short,moderate,technical,1,1
101,5,3,2,short,moderate,technical,1,1
102,2,1,5,medium,complex,technical,5,2
102,3,2,5,medium,complex,technical,5,2
102,12,3,4,medium,complex,technical,5,2
103,5,1,1,medium,complex,opinion,3,3
103,8,2,5,medium,complex,opinion,3,3
103,3,3,5,medium,complex,opinion,3,3
104,12,1,3,medium,moderate,opinion,2,2
104,5,2,3,medium,moderate,opinion,2,2
104,1,3,4,medium,moderate,opinion,2,2
105,6,1,1,long,moderate,technical,1,1
105,10,2,1,long,moderate,technical,1,1
105,11,3,1,long,moderate,technical,1,1
106,5,1,3,long,complex,factual,4,2
106,9,2,5,long,complex,factual,4,2
106,2,3,4,long,complex,factual,4,2
107,11,1,1,short,simple,opinion,2,2
107,10,2,2,short,simple,opinion,2,2
107,2,3,1,short,simple,opinion,2,2
108,12,1,4,short,moderate,creative,4,1
108,7,2,4,short,moderate,creative,4,1
108,1,3,4,short,moderate,creative,4,1
109,10,1,3,short,simple,opinion,2,2
109,3,2,1,short,simple,opinion,2,2
109,14,3,1,short,simple,opinion,2,2
110,13,1,1,medium,simple,technical,1,1
110,11,2,1,medium,simple,technical,1,1
110,6,3,1,medium,simple,technical,1,1
111,14,1,5,short,complex,opinion,5,3
111,12,2,4,short,complex,opinion,5,3
111,13,3,4,short,complex,opinion,5,3
112,6,1,1,long,moderate,creative,3,1
112,12,2,3,long,moderate,creative,3,1
112,1,3,2,long,moderate,creative,3,1
113,5,1,4,short,simple,opinion,4,2
113,8,2,4,short,simple,opinion,4,2
113,4,3,3,short,simple,opinion,4,2
114,14,1,4,medium,complex,creative,2,2
114,3,2,1,medium,complex,creative,2,2
114,8,3,3,medium,complex,creative,2,2
115,7,1,1,short,moderate,creative,1,1
115,12,2,1,short,moderate,creative,1,1
115,14,3,1,short,moderate,creative,1,1
116,13,1,5,short,moderate,opinion,5,2
116,8,2,5,short,moderate,opinion,5,2
116,6,3,5,short,moderate,opinion,5,2
117,9,1,4,medium,simple,factual,3,1
117,7,2,1,medium,simple,factual,3,1
117,13,3,2,medium,simple,factual,3,1
118,10,1,4,medium,simple,factual,4,1
118,13,2,4,medium,simple,factual,4,1
118,2,3,5,medium,simple,factual,4,1
119,3,1,5,short,moderate,creative,5,1
119,1,2,5,short,moderate,creative,5,1
119,6,3,4,short,moderate,creative,5,1
120,5,1,3,long,simple,technical,4,1
120,11,2,4,long,simple,technical,4,1
120,13,3,5,long,simple,technical,4,1
121,13,1,3,medium,complex,technical,2,2
121,3,2,3,medium,complex,technical,2,2
121,6,3,3,medium,complex,technical,2,2
122,4,1,4,medium,simple,technical,5,1
122,11,2,5,medium,simple,technical,5,1
122,10,3,5,medium,simple,technical,5,1
123,2,1,2,short,complex,technical,4,2
123,12,2,3,short,complex,technical,4,2
123,9,3,2,short,complex,technical,4,2
124,8,1,4,short,moderate,creative,4,1
124,15,2,4,short,moderate,creative,4,1
124,7,3,2,short,moderate,creative,4,1
125,3,1,5,short,simple,technical,4,1
125,12,2,4,short,simple,technical,4,1
125,2,3,5,short,simple,technical,4,1
126,1,1,4,medium,simple,creative,3,1
126,15,2,3,medium,simple,creative,3,1
126,12,3,2,medium,simple,creative,3,1
127,4,1,3,long,complex,technical,3,2
127,1,2,4,long,complex,technical,3,2
127,14,3,4,long,complex,technical,3,2
128,10,1,5,long,simple,technical,4,1
128,8,2,3,long,simple,technical,4,1
128,1,3,5,long,simple,technical,4,1
129,2,1,5,medium,moderate,factual,5,1
129,6,2,4,medium,moderate,factual,5,1
129,11,3,5,medium,moderate,factual,5,1
130,3,1,5,short,moderate,technical,5,1
130,1,2,4,short,moderate,technical,5,1
130,10,3,5,short,moderate,technical,5,1
131,4,1,3,long,moderate,technical,2,1
131,8,2,3,long,moderate,technical,2,1
131,15,3,2,long,moderate,technical,2,1
132,10,1,2,short,complex,factual,1,2
132,8,2,3,short,complex,factual,1,2
132,9,3,1,short,complex,factual,1,2
133,11,1,4,short,complex,technical,4,2
133,7,2,4,short,complex,technical,4,2
133,1,3,3,short,complex,technical,4,2
134,12,1,2,long,moderate,creative,3,1
134,5,2,3,long,moderate,creative,3,1
134,4,3,3,long,moderate,creative,3,1
135,1,1,2,long,moderate,factual,1,1
135,12,2,1,long,moderate,factual,1,1
135,5,3,1,long,moderate,factual,1,1
136,8,1,1,short,complex,opinion,2,3
136,6,2,2,short,complex,opinion,2,3
136,2,3,2,short,complex,opinion,2,3
137,5,1,5,long,moderate,opinion,5,2
137,4,2,4,long,moderate,opinion,5,2
137,12,3,5,long,moderate,opinion,5,2
138,7,1,5,medium,moderate,creative,5,1
138,13,2,5,medium,moderate,creative,5,1
138,8,3,4,medium,moderate,creative,5,1
139,14,1,4,short,moderate,factual,4,1
139,6,2,4,short,moderate,factual,4,1
139,4,3,4,short,moderate,factual,4,1
140,10,1,5,short,complex,factual,5,2
140,5,2,4,short,complex,factual,5,2
140,11,3,4,short,complex,factual,5,2
141,13,1,5,medium,moderate,creative,5,1
141,3,2,5,medium,moderate,creative,5,1
141,9,3,5,medium,moderate,creative,5,1
142,12,1,1,medium,simple,opinion,1,2
142,7,2,1,medium,simple,opinion,1,2
142,13,3,2,medium,simple,opinion,1,2
143,11,1,5,medium,moderate,opinion,5,2
143,3,2,5,medium,moderate,opinion,5,2
143,4,3,5,medium,moderate,opinion,5,2
144,2,1,1,short,complex,technical,1,2
144,3,2,3,short,complex,technical,1,2
144,15,3,1,short,complex,technical,1,2
145,14,1,5,short,moderate,factual,4,1
145,2,2,5,short,moderate,factual,4,1
145,3,3,5,short,moderate,factual,4,1
146,8,1,1,long,moderate,creative,1,1
146,9,2,1,long,moderate,creative,1,1
146,12,3,1,long,moderate,creative,1,1
147,13,1,4,medium,moderate,technical,4,1
147,1,2,4,medium,moderate,technical,4,1
147,14,3,4,medium,moderate,technical,4,1
148,7,1,1,long,moderate,creative,2,1
148,1,2,2,long,moderate,creative,2,1
148,11,3,1,long,moderate,creative,2,1
149,5,1,4,medium,moderate,opinion,5,2
149,13,2,5,medium,moderate,opinion,5,2
149,8,3,5,medium,moderate,opinion,5,2
150,14,1,5,medium,moderate,factual,5,1
150,10,2,5,medium,moderate,factual,5,1
150,8,3,5,medium,moderate,factual,5,1
151,10,1,2,short,simple,creative,1,1
151,1,2,1,short,simple,creative,1,1
151,15,3,2,short,simple,creative,1,1
152,7,1,4,medium,moderate,opinion,4,2
152,2,2,4,medium,moderate,opinion,4,2
152,6,3,3,medium,moderate,opinion,4,2
153,9,1,3,short,simple,technical,3,1
153,3,2,3,short,simple,technical,3,1
153,5,3,4,short,simple,technical,3,1
154,1,1,2,medium,simple,factual,3,1
154,11,2,3,medium,simple,factual,3,1
154,15,3,4,medium,simple,factual,3,1
155,14,1,1,short,complex,factual,1,2
155,15,2,1,short,complex,factual,1,2
155,5,3,1,short,complex,factual,1,2
156,7,1,1,short,simple,opinion,3,2
156,12,2,2,short,simple,opinion,3,2
156,3,3,3,short,simple,opinion,3,2
157,9,1,5,medium,moderate,factual,5,1
157,13,2,5,medium,moderate,factual,5,1
157,1,3,5,medium,moderate,factual,5,1
158,14,1,5,medium,complex,factual,4,2
158,6,2,5,medium,complex,factual,4,2
158,2,3,4,medium,complex,factual,4,2
159,5,1,1,medium,simple,factual,1,1
159,4,2,1,medium,simple,factual,1,1
159,6,3,1,medium,simple,factual,1,1
160,3,1,2,short,moderate,creative,2,1
160,9,2,2,short,moderate,creative,2,1
160,4,3,2,short,moderate,creative,2,1
161,2,1,1,long,complex,opinion,1,3
161,15,2,1,long,complex,opinion,1,3
161,8,3,1,long,complex,opinion,1,3
162,10,1,5,short,moderate,creative,4,1
162,1,2,5,short,moderate,creative,4,1
162,5,3,4,short,moderate,creative,4,1
163,2,1,4,short,moderate,technical,5,1
163,12,2,5,short,moderate,technical,5,1
163,11,3,5,short,moderate,technical,5,1
164,1,1,4,medium,moderate,creative,4,1
164,3,2,4,medium,moderate,creative,4,1
164,8,3,3,medium,moderate,creative,4,1
165,6,1,1,short,moderate,factual,2,1
165,9,2,3,short,moderate,factual,2,1
165,5,3,2,short,moderate,factual,2,1
166,14,1,3,medium,moderate,technical,2,1
166,12,2,2,medium,moderate,technical,2,1
166,4,3,2,medium,moderate,technical,2,1
167,13,1,2,medium,moderate,factual,1,1
167,15,2,1,medium,moderate,factual,1,1
167,7,3,1,medium,moderate,factual,1,1
168,4,1,2,medium,moderate,opinion,1,2
168,13,2,2,medium,moderate,opinion,1,2
168,7,3,3,medium,moderate,opinion,1,2
169,11,1,5,medium,complex,technical,5,2
169,14,2,4,medium,complex,technical,5,2
169,7,3,5,medium,complex,technical,5,2
170,11,1,2,medium,moderate,factual,1,1
170,13,2,1,medium,moderate,factual,1,1
170,6,3,1,medium,moderate,factual,1,1
171,4,1,1,short,moderate,factual,1,1
171,1,2,1,short,moderate,factual,1,1
171,10,3,1,short,moderate,factual,1,1
172,2,1,4,medium,complex,factual,3,2
172,14,2,2,medium,complex,factual,3,2
172,10,3,3,medium,complex,factual,3,2
173,10,1,3,medium,simple,technical,2,1
173,2,2,1,medium,simple,technical,2,1
173,11,3,2,medium,simple,technical,2,1
174,8,1,1,medium,simple,opinion,1,2
174,15,2,1,medium,simple,opinion,1,2
174,11,3,1,medium,simple,opinion,1,2
175,9,1,2,medium,moderate,factual,2,1
175,5,2,2,medium,moderate,factual,2,1
175,2,3,3,medium,moderate,factual,2,1
176,15,1,4,medium,moderate,factual,4,1
176,6,2,3,medium,moderate,factual,4,1
176,4,3,4,medium,moderate,factual,4,1
177,12,1,3,long,moderate,factual,3,1
177,6,2,3,long,moderate,factual,3,1
177,14,3,4,long,moderate,factual,3,1
178,2,1,1,short,simple,factual,1,1
178,1,2,2,short,simple,factual,1,1
178,4,3,1,short,simple,factual,1,1
179,6,1,3,short,moderate,creative,4,1
179,1,2,5,short,moderate,creative,4,1
179,3,3,5,short,moderate,creative,4,1
180,4,1,4,short,simple,technical,4,1
180,9,2,3,short,simple,technical,4,1
180,11,3,5,short,simple,technical,4,1
181,13,1,5,long,moderate,factual,4,1
181,11,2,4,long,moderate,factual,4,1
181,5,3,2,long,moderate,factual,4,1
182,6,1,3,long,moderate,creative,3,1
182,8,2,3,long,moderate,creative,3,1
182,5,3,3,long,moderate,creative,3,1
183,3,1,2,medium,complex,technical,1,2
183,8,2,1,medium,complex,technical,1,2
183,5,3,1,medium,complex,technical,1,2
184,6,1,2,medium,moderate,creative,2,1
184,15,2,2,medium,moderate,creative,2,1
184,4,3,2,medium,moderate,creative,2,1
185,11,1,2,short,complex,factual,2,2
185,2,2,3,short,complex,factual,2,2
185,10,3,1,short,complex,factual,2,2
186,13,1,2,short,simple,opinion,4,2
186,3,2,4,short,simple,opinion,4,2
186,1,3,5,short,simple,opinion,4,2
187,13,1,5,long,moderate,factual,5,1
187,11,2,5,long,moderate,factual,5,1
187,12,3,5,long,moderate,factual,5,1
188,2,1,2,short,moderate,factual,3,1
188,12,2,3,short,moderate,factual,3,1
188,15,3,2,short,moderate,factual,3,1
189,4,1,5,medium,moderate,opinion,3,2
189,10,2,4,medium,moderate,opinion,3,2
189,6,3,3,medium,moderate,opinion,3,2
190,15,1,4,medium,simple,creative,4,1
190,12,2,4,medium,simple,creative,4,1
190,13,3,5,medium,simple,creative,4,1
191,5,1,5,medium,complex,opinion,3,3
191,13,2,5,medium,complex,opinion,3,3
191,10,3,2,medium,complex,opinion,3,3
192,13,1,3,short,complex,technical,3,2
192,14,2,5,short,complex,technical,3,2
192,8,3,3,short,complex,technical,3,2
193,14,1,5,medium,moderate,creative,4,1
193,12,2,4,medium,moderate,creative,4,1
193,13,3,4,medium,moderate,creative,4,1
194,12,1,3,medium,moderate,creative,3,1
194,6,2,3,medium,moderate,creative,3,1
194,7,3,2,medium,moderate,creative,3,1
195,15,1,5,medium,simple,opinion,5,2
195,7,2,5,medium,simple,opinion,5,2
195,6,3,5,medium,simple,opinion,5,2
196,2,1,2,medium,complex,factual,2,2
196,1,2,1,medium,complex,factual,2,2
196,12,3,3,medium,complex,factual,2,2
197,15,1,5,short,moderate,technical,5,1
197,11,2,4,short,moderate,technical,5,1
197,5,3,5,short,moderate,technical,5,1
198,1,1,2,medium,moderate,technical,2,1
198,3,2,3,medium,moderate,technical,2,1
198,7,3,2,medium,moderate,technical,2,1
199,6,1,3,short,simple,creative,4,1
199,12,2,3,short,simple,creative,4,1
199,3,3,4,short,simple,creative,4,1
200,6,1,2,short,moderate,technical,3,1
200,8,2,3,short,moderate,technical,3,1
200,4,3,2,short,moderate,technical,3,1
201,14,1,4,long,moderate,factual,4,1
201,5,2,3,long,moderate,factual,4,1
201,12,3,4,long,moderate,factual,4,1
202,11,1,4,short,moderate,opinion,5,2
202,2,2,4,short,moderate,opinion,5,2
202,1,3,5,short,moderate,opinion,5,2
203,11,1,3,long,complex,factual,2,2
203,9,2,2,long,complex,factual,2,2
203,14,3,3,long,complex,factual,2,2
204,1,1,4,medium,moderate,technical,4,1
204,8,2,4,medium,moderate,technical,4,1
204,14,3,4,medium,moderate,technical,4,1
205,12,1,5,medium,simple,factual,5,1
205,1,2,4,medium,simple,factual,5,1
205,9,3,5,medium,simple,factual,5,1
206,13,1,1,medium,simple,opinion,2,2
206,12,2,2,medium,simple,opinion,2,2
206,7,3,4,medium,simple,opinion,2,2
207,5,1,3,long,simple,technical,3,1
207,8,2,2,long,simple,technical,3,1
207,7,3,1,long,simple,technical,3,1
208,8,1,4,medium,complex,factual,5,2
208,9,2,5,medium,complex,factual,5,2
208,11,3,5,medium,complex,factual,5,2
209,1,1,5,medium,moderate,opinion,5,2
209,12,2,4,medium,moderate,opinion,5,2
209,10,3,5,medium,moderate,opinion,5,2
210,3,1,5,medium,complex,technical,5,2
210,14,2,5,medium,complex,technical,5,2
210,6,3,3,medium,complex,technical,5,2
211,12,1,2,short,simple,opinion,1,2
211,11,2,2,short,simple,opinion,1,2
211,3,3,2,short,simple,opinion,1,2
212,14,1,2,short,simple,technical,2,1
212,9,2,2,short,simple,technical,2,1
212,15,3,2,short,simple,technical,2,1
213,15,1,1,medium,moderate,technical,1,1
213,14,2,1,medium,moderate,technical,1,1
213,1,3,1,medium,moderate,technical,1,1
214,2,1,2,medium,moderate,technical,2,1
214,6,2,1,medium,moderate,technical,2,1
214,1,3,2,medium,moderate,technical,2,1
215,8,1,5,medium,simple,factual,4,1
215,11,2,3,medium,simple,factual,4,1
215,2,3,5,medium,simple,factual,4,1
216,15,1,3,long,complex,factual,5,2
216,2,2,4,long,complex,factual,5,2
216,7,3,5,long,complex,factual,5,2
217,6,1,2,short,moderate,creative,3,1
217,5,2,2,short,moderate,creative,3,1
217,7,3,3,short,moderate,creative,3,1
218,12,1,3,medium,moderate,factual,4,1
218,1,2,3,medium,moderate,factual,4,1
218,10,3,4,medium,moderate,factual,4,1
219,11,1,2,short,moderate,creative,3,1
219,9,2,4,short,moderate,creative,3,1
219,7,3,3,short,moderate,creative,3,1
220,15,1,3,long,simple,technical,3,1
220,1,2,3,long,simple,technical,3,1
220,4,3,2,long,simple,technical,3,1
221,2,1,4,medium,moderate,factual,4,1
221,3,2,4,medium,moderate,factual,4,1
221,15,3,4,medium,moderate,factual,4,1
222,12,1,5,medium,complex,technical,5,2
222,1,2,5,medium,complex,technical,5,2
222,9,3,5,medium,complex,technical,5,2
223,14,1,4,short,complex,opinion,5,3
223,15,2,5,short,complex,opinion,5,3
223,4,3,4,short,complex,opinion,5,3
224,15,1,4,long,moderate,factual,4,1
224,14,2,4,long,moderate,factual,4,1
224,13,3,4,long,moderate,factual,4,1
225,11,1,3,medium,simple,opinion,4,2
225,14,2,4,medium,simple,opinion,4,2
225,2,3,3,medium,simple,opinion,4,2
226,8,1,3,long,simple,factual,2,1
226,2,2,2,long,simple,factual,2,1
226,9,3,2,long,simple,factual,2,1
227,12,1,1,medium,complex,creative,1,2
227,15,2,2,medium,complex,creative,1,2
227,1,3,3,medium,complex,creative,1,2
228,15,1,2,medium,moderate,technical,2,1
228,12,2,2,medium,moderate,technical,2,1
228,4,3,1,medium,moderate,technical,2,1
229,2,1,2,medium,simple,technical,2,1
229,8,2,3,medium,simple,technical,2,1
229,4,3,2,medium,simple,technical,2,1
230,7,1,2,medium,complex,technical,3,2
230,8,2,2,medium,complex,technical,3,2
230,1,3,3,medium,complex,technical,3,2
231,6,1,4,medium,simple,factual,4,1
231,10,2,4,medium,simple,factual,4,1
231,11,3,4,medium,simple,factual,4,1
232,9,1,3,medium,moderate,creative,3,1
232,7,2,1,medium,moderate,creative,3,1
232,11,3,3,medium,moderate,creative,3,1
233,2,1,2,medium,moderate,opinion,2,2
233,5,2,1,medium,moderate,opinion,2,2
233,1,3,1,medium,moderate,opinion,2,2
234,6,1,4,medium,simple,opinion,4,2
234,15,2,5,medium,simple,opinion,4,2
234,10,3,5,medium,simple,opinion,4,2
235,9,1,4,long,simple,factual,4,1
235,15,2,4,long,simple,factual,4,1
235,8,3,5,long,simple,factual,4,1
236,11,1,4,long,complex,creative,5,2
236,4,2,5,long,complex,creative,5,2
236,6,3,5,long,complex,creative,5,2
237,8,1,3,medium,complex,opinion,5,3
237,13,2,5,medium,complex,opinion,5,3
237,14,3,5,medium,complex,opinion,5,3
238,7,1,5,long,moderate,technical,5,1
238,10,2,5,long,moderate,technical,5,1
238,12,3,4,long,moderate,technical,5,1
239,13,1,5,short,complex,creative,5,2
239,11,2,5,short,complex,creative,5,2
239,2,3,5,short,complex,creative,5,2
240,15,1,5,medium,moderate,creative,4,1
240,1,2,5,medium,moderate,creative,4,1
240,7,3,3,medium,moderate,creative,4,1
241,11,1,1,medium,simple,factual,1,1
241,10,2,1,medium,simple,factual,1,1
241,14,3,1,medium,simple,factual,1,1
242,11,1,4,short,moderate,factual,4,1
242,13,2,5,short,moderate,factual,4,1
242,7,3,5,short,moderate,factual,4,1
243,15,1,1,medium,simple,creative,1,1
243,2,2,1,medium,simple,creative,1,1
243,5,3,1,medium,simple,creative,1,1
244,11,1,2,medium,simple,factual,2,1
244,1,2,2,medium,simple,factual,2,1
244,5,3,2,medium,simple,factual,2,1
245,11,1,4,short,moderate,creative,5,1
245,10,2,5,short,moderate,creative,5,1
245,7,3,5,short,moderate,creative,5,1
246,7,1,2,medium,simple,factual,3,1
246,12,2,3,medium,simple,factual,3,1
246,4,3,3,medium,simple,factual,3,1
247,7,1,2,medium,complex,factual,3,2
247,1,2,3,medium,complex,factual,3,2
247,8,3,2,medium,complex,factual,3,2
248,14,1,3,medium,simple,factual,2,1
248,11,2,3,medium,simple,factual,2,1
248,3,3,2,medium,simple,factual,2,1
249,2,1,5,medium,moderate,technical,5,1
249,7,2,5,medium,moderate,technical,5,1
249,14,3,5,medium,moderate,technical,5,1
250,13,1,4,long,simple,opinion,1,2
250,8,2,1,long,simple,opinion,1,2
250,5,3,1,long,simple,opinion,1,2
251,12,1,3,medium,complex,factual,2,2
251,1,2,1,medium,complex,factual,2,2
251,11,3,1,medium,complex,factual,2,2
252,11,1,3,medium,simple,factual,3,1
252,6,2,2,medium,simple,factual,3,1
252,4,3,2,medium,simple,factual,3,1
253,10,1,5,medium,moderate,factual,5,1
253,8,2,4,medium,moderate,factual,5,1
253,7,3,5,medium,moderate,factual,5,1
254,7,1,4,short,moderate,creative,4,1
254,11,2,4,short,moderate,creative,4,1
254,14,3,3,short,moderate,creative,4,1
255,2,1,1,medium,complex,opinion,1,3
255,3,2,1,medium,complex,opinion,1,3
255,14,3,1,medium,complex,opinion,1,3
256,1,1,4,short,moderate,technical,4,1
256,7,2,4,short,moderate,technical,4,1
256,5,3,3,short,moderate,technical,4,1
257,7,1,4,medium,complex,factual,3,2
257,4,2,5,medium,complex,factual,3,2
257,12,3,3,medium,complex,factual,3,2
258,4,1,1,short,moderate,opinion,1,2
258,15,2,1,short,moderate,opinion,1,2
258,7,3,2,short,moderate,opinion,1,2
259,11,1,1,short,moderate,technical,1,1
259,5,2,1,short,moderate,technical,1,1
259,13,3,1,short,moderate,technical,1,1
260,15,1,4,short,simple,technical,4,1
260,10,2,5,short,simple,technical,4,1
260,9,3,5,short,simple,technical,4,1
261,6,1,4,short,complex,technical,5,2
261,4,2,4,short,complex,technical,5,2
261,15,3,3,short,complex,technical,5,2
262,1,1,3,medium,complex,creative,3,2
262,13,2,5,medium,complex,creative,3,2
262,2,3,3,medium,complex,creative,3,2
263,11,1,2,medium,complex,technical,3,2
263,1,2,4,medium,complex,technical,3,2
263,13,3,1,medium,complex,technical,3,2
264,10,1,3,long,moderate,opinion,4,2
264,2,2,2,long,moderate,opinion,4,2
264,12,3,5,long,moderate,opinion,4,2
265,6,1,2,short,moderate,technical,3,1
265,9,2,4,short,moderate,technical,3,1
265,1,3,3,short,moderate,technical,3,1
266,8,1,5,medium,complex,opinion,2,3
266,10,2,1,medium,complex,opinion,2,3
266,11,3,1,medium,complex,opinion,2,3
267,6,1,3,long,simple,creative,3,1
267,1,2,3,long,simple,creative,3,1
267,14,3,3,long,simple,creative,3,1
268,8,1,1,medium,complex,factual,1,2
268,14,2,1,medium,complex,factual,1,2
268,4,3,1,medium,complex,factual,1,2
269,5,1,5,long,simple,technical,5,1
269,4,2,5,long,simple,technical,5,1
269,9,3,5,long,simple,technical,5,1
270,1,1,5,long,moderate,creative,4,1
270,10,2,5,long,moderate,creative,4,1
270,15,3,4,long,moderate,creative,4,1
271,10,1,3,medium,moderate,factual,2,1
271,9,2,2,medium,moderate,factual,2,1
271,1,3,1,medium,moderate,factual,2,1
272,1,1,1,short,complex,technical,1,2
272,15,2,1,short,complex,technical,1,2
272,11,3,1,short,complex,technical,1,2
273,9,1,5,medium,moderate,opinion,5,2
273,10,2,4,medium,moderate,opinion,5,2
273,1,3,5,medium,moderate,opinion,5,2
274,3,1,4,medium,moderate,factual,4,1
274,8,2,3,medium,moderate,factual,4,1
274,9,3,4,medium,moderate,factual,4,1
275,5,1,3,long,complex,opinion,4,3
275,14,2,5,long,complex,opinion,4,3
275,10,3,2,long,complex,opinion,4,3
276,15,1,4,medium,complex,technical,3,2
276,5,2,1,medium,complex,technical,3,2
276,2,3,5,medium,complex,technical,3,2
277,6,1,1,medium,moderate,technical,2,1
277,12,2,2,medium,moderate,technical,2,1
277,2,3,3,medium,moderate,technical,2,1
278,7,1,5,medium,complex,technical,3,2
278,11,2,2,medium,complex,technical,3,2
278,15,3,2,medium,complex,technical,3,2
279,12,1,2,medium,moderate,opinion,1,2
279,15,2,1,medium,moderate,opinion,1,2
279,5,3,1,medium,moderate,opinion,1,2
280,3,1,4,medium,moderate,opinion,4,2
280,5,2,1,medium,moderate,opinion,4,2
280,13,3,5,medium,moderate,opinion,4,2
281,1,1,2,medium,simple,factual,3,1
281,14,2,3,medium,simple,factual,3,1
281,4,3,4,medium,simple,factual,3,1
282,4,1,2,medium,moderate,opinion,4,2
282,12,2,5,medium,moderate,opinion,4,2
282,6,3,4,medium,moderate,opinion,4,2
283,15,1,3,medium,moderate,creative,2,1
283,10,2,3,medium,moderate,creative,2,1
283,14,3,2,medium,moderate,creative,2,1
284,15,1,3,long,moderate,opinion,5,2
284,8,2,5,long,moderate,opinion,5,2
284,1,3,5,long,moderate,opinion,5,2
285,10,1,1,medium,moderate,opinion,1,2
285,15,2,1,medium,moderate,opinion,1,2
285,1,3,2,medium,moderate,opinion,1,2
286,2,1,1,medium,complex,creative,1,2
286,12,2,1,medium,complex,creative,1,2
286,3,3,1,medium,complex,creative,1,2
287,12,1,2,medium,complex,creative,2,2
287,10,2,5,medium,complex,creative,2,2
287,6,3,1,medium,complex,creative,2,2
288,14,1,4,medium,complex,creative,4,2
288,5,2,4,medium,complex,creative,4,2
288,9,3,3,medium,complex,creative,4,2
289,8,1,4,medium,moderate,factual,4,1
289,9,2,3,medium,moderate,factual,4,1
289,2,3,5,medium,moderate,factual,4,1
290,15,1,1,medium,complex,technical,3,2
290,2,2,2,medium,complex,technical,3,2
290,13,3,4,medium,complex,technical,3,2
291,5,1,2,long,moderate,factual,2,1
291,14,2,3,long,moderate,factual,2,1
291,11,3,2,long,moderate,factual,2,1
292,2,1,4,short,moderate,technical,3,1
292,6,2,3,short,moderate,technical,3,1
292,1,3,2,short,moderate,technical,3,1
293,2,1,1,medium,moderate,technical,1,1
293,1,2,1,medium,moderate,technical,1,1
293,13,3,2,medium,moderate,technical,1,1
294,11,1,5,medium,complex,factual,4,2
294,3,2,5,medium,complex,factual,4,2
294,9,3,5,medium,complex,factual,4,2
295,8,1,3,medium,simple,factual,4,1
295,13,2,4,medium,simple,factual,4,1
295,10,3,4,medium,simple,factual,4,1
296,15,1,5,medium,moderate,creative,4,1
296,4,2,4,medium,moderate,creative,4,1
296,6,3,4,medium,moderate,creative,4,1
297,10,1,2,short,complex,creative,2,2
297,2,2,4,short,complex,creative,2,2
297,4,3,3,short,complex,creative,2,2
298,2,1,1,short,moderate,factual,1,1
298,15,2,1,short,moderate,factual,1,1
298,13,3,1,short,moderate,factual,1,1
299,4,1,3,medium,complex,technical,4,2
299,5,2,4,medium,complex,technical,4,2
299,3,3,5,medium,complex,technical,4,2
300,10,1,5,medium,moderate,technical,5,1
300,12,2,5,medium,moderate,technical,5,1
300,9,3,5,medium,moderate,technical,5,1
301,6,1,3,medium,simple,technical,4,1
301,1,2,4,medium,simple,technical,4,1
301,14,3,4,medium,simple,technical,4,1
302,12,1,5,medium,simple,creative,5,1
302,14,2,5,medium,simple,creative,5,1
302,10,3,5,medium,simple,creative,5,1
303,8,1,1,medium,moderate,creative,1,1
303,5,2,1,medium,moderate,creative,1,1
303,9,3,1,medium,moderate,creative,1,1
304,11,1,1,medium,moderate,technical,1,1
304,14,2,1,medium,moderate,technical,1,1
304,9,3,1,medium,moderate,technical,1,1
305,2,1,4,long,moderate,opinion,2,2
305,15,2,1,long,moderate,opinion,2,2
305,4,3,1,long,moderate,opinion,2,2
306,9,1,5,long,simple,opinion,4,2
306,4,2,4,long,simple,opinion,4,2
306,13,3,4,long,simple,opinion,4,2
307,7,1,3,medium,complex,opinion,2,3
307,6,2,1,medium,complex,opinion,2,3
307,13,3,4,medium,complex,opinion,2,3
308,9,1,4,medium,simple,creative,5,1
308,14,2,5,medium,simple,creative,5,1
308,6,3,4,medium,simple,creative,5,1
309,9,1,3,medium,simple,creative,3,1
309,12,2,4,medium,simple,creative,3,1
309,5,3,3,medium,simple,creative,3,1
310,7,1,1,medium,moderate,creative,1,1
310,6,2,1,medium,moderate,creative,1,1
310,15,3,1,medium,moderate,creative,1,1
311,4,1,5,medium,moderate,technical,5,1
311,3,2,5,medium,moderate,technical,5,1
311,5,3,5,medium,moderate,technical,5,1
312,1,1,3,long,complex,creative,4,2
312,7,2,2,long,complex,creative,4,2
312,11,3,5,long,complex,creative,4,2
313,11,1,5,medium,moderate,creative,5,1
313,15,2,5,medium,moderate,creative,5,1
313,2,3,5,medium,moderate,creative,5,1
314,9,1,5,medium,moderate,creative,4,1
314,6,2,3,medium,moderate,creative,4,1
314,8,3,4,medium,moderate,creative,4,1
315,7,1,1,medium,moderate,opinion,1,2
315,4,2,2,medium,moderate,opinion,1,2
315,2,3,1,medium,moderate,opinion,1,2
316,3,1,3,long,moderate,factual,2,1
316,7,2,1,long,moderate,factual,2,1
316,15,3,3,long,moderate,factual,2,1
317,5,1,1,medium,moderate,factual,1,1
317,13,2,1,medium,moderate,factual,1,1
317,14,3,2,medium,moderate,factual,1,1
318,11,1,3,short,complex,technical,4,2
318,7,2,2,short,complex,technical,4,2
318,1,3,2,short,complex,technical,4,2
319,13,1,3,long,simple,factual,2,1
319,4,2,2,long,simple,factual,2,1
319,10,3,3,long,simple,factual,2,1
320,12,1,1,long,complex,creative,1,2
320,14,2,1,long,complex,creative,1,2
320,8,3,1,long,complex,creative,1,2
321,8,1,4,medium,moderate,opinion,5,2
321,5,2,5,medium,moderate,opinion,5,2
321,13,3,5,medium,moderate,opinion,5,2
322,10,1,2,medium,moderate,creative,1,1
322,2,2,1,medium,moderate,creative,1,1
322,15,3,2,medium,moderate,creative,1,1
323,3,1,2,medium,simple,factual,2,1
323,10,2,2,medium,simple,factual,2,1
323,1,3,2,medium,simple,factual,2,1
324,11,1,3,medium,simple,creative,2,1
324,2,2,3,medium,simple,creative,2,1
324,7,3,2,medium,simple,creative,2,1
325,6,1,1,short,complex,technical,1,2
325,13,2,2,short,complex,technical,1,2
325,9,3,1,short,complex,technical,1,2
326,1,1,2,long,simple,creative,1,1
326,13,2,2,long,simple,creative,1,1
326,9,3,2,long,simple,creative,1,1
327,4,1,2,medium,simple,creative,1,1
327,9,2,1,medium,simple,creative,1,1
327,14,3,1,medium,simple,creative,1,1
328,14,1,4,long,simple,opinion,4,2
328,9,2,3,long,simple,opinion,4,2
328,6,3,4,long,simple,opinion,4,2
329,7,1,2,short,simple,opinion,4,2
329,10,2,5,short,simple,opinion,4,2
329,15,3,4,short,simple,opinion,4,2
330,15,1,4,short,moderate,creative,4,1
330,7,2,3,short,moderate,creative,4,1
330,10,3,4,short,moderate,creative,4,1
331,5,1,4,long,complex,technical,3,2
331,15,2,3,long,complex,technical,3,2
331,14,3,4,long,complex,technical,3,2
332,12,1,4,medium,moderate,factual,5,1
332,10,2,5,medium,moderate,factual,5,1
332,8,3,4,medium,moderate,factual,5,1
333,5,1,5,medium,simple,factual,5,1
333,13,2,5,medium,simple,factual,5,1
333,6,3,4,medium,simple,factual,5,1
334,1,1,2,medium,simple,technical,2,1
334,2,2,3,medium,simple,technical,2,1
334,6,3,1,medium,simple,technical,2,1
335,10,1,2,short,complex,factual,2,2
335,7,2,2,short,complex,factual,2,2
335,8,3,2,short,complex,factual,2,2
336,8,1,5,medium,complex,technical,5,2
336,10,2,5,medium,complex,technical,5,2
336,13,3,5,medium,complex,technical,5,2
337,1,1,5,short,moderate,factual,5,1
337,2,2,5,short,moderate,factual,5,1
337,12,3,5,short,moderate,factual,5,1
338,3,1,2,medium,moderate,factual,3,1
338,8,2,3,medium,moderate,factual,3,1
338,14,3,4,medium,moderate,factual,3,1
339,6,1,1,long,complex,opinion,3,3
339,8,2,2,long,complex,opinion,3,3
339,7,3,1,long,complex,opinion,3,3
340,9,1,5,medium,complex,technical,4,2
340,5,2,3,medium,complex,technical,4,2
340,12,3,4,medium,complex,technical,4,2
341,6,1,1,medium,simple,opinion,1,2
341,7,2,2,medium,simple,opinion,1,2
341,15,3,2,medium,simple,opinion,1,2
342,6,1,1,medium,moderate,creative,1,1
342,7,2,1,medium,moderate,creative,1,1
342,12,3,2,medium,moderate,creative,1,1
343,3,1,4,short,complex,technical,4,2
343,7,2,5,short,complex,technical,4,2
343,8,3,5,short,complex,technical,4,2
344,12,1,1,medium,complex,factual,1,2
344,5,2,2,medium,complex,factual,1,2
344,7,3,2,medium,complex,factual,1,2
345,3,1,2,medium,moderate,technical,2,1
345,8,2,2,medium,moderate,technical,2,1
345,6,3,1,medium,moderate,technical,2,1
346,5,1,4,medium,simple,opinion,2,2
346,9,2,1,medium,simple,opinion,2,2
346,7,3,1,medium,simple,opinion,2,2
347,5,1,4,long,moderate,technical,3,1
347,3,2,4,long,moderate,technical,3,1
347,4,3,2,long,moderate,technical,3,1
348,4,1,5,medium,moderate,creative,5,1
348,10,2,5,medium,moderate,creative,5,1
348,6,3,4,medium,moderate,creative,5,1
349,5,1,1,long,complex,technical,1,2
349,12,2,1,long,complex,technical,1,2
349,1,3,1,long,complex,technical,1,2
350,9,1,4,long,complex,factual,5,2
350,4,2,3,long,complex,factual,5,2
350,15,3,5,long,complex,factual,5,2
351,4,1,3,medium,moderate,opinion,4,2
351,13,2,3,medium,moderate,opinion,4,2
351,8,3,2,medium,moderate,opinion,4,2
352,6,1,4,short,complex,creative,3,2
352,3,2,3,short,complex,creative,3,2
352,5,3,2,short,complex,creative,3,2
353,3,1,3,medium,moderate,opinion,4,2
353,10,2,3,medium,moderate,opinion,4,2
353,7,3,5,medium,moderate,opinion,4,2
354,3,1,1,medium,moderate,factual,1,1
354,12,2,1,medium,moderate,factual,1,1
354,6,3,1,medium,moderate,factual,1,1
355,11,1,5,short,complex,creative,5,2
355,12,2,5,short,complex,creative,5,2
355,2,3,3,short,complex,creative,5,2
356,12,1,3,medium,moderate,creative,4,1
356,10,2,4,medium,moderate,creative,4,1
356,2,3,3,medium,moderate,creative,4,1
357,9,1,4,short,moderate,factual,5,1
357,14,2,5,short,moderate,factual,5,1
357,8,3,5,short,moderate,factual,5,1
358,5,1,3,long,moderate,opinion,3,2
358,9,2,3,long,moderate,opinion,3,2
358,14,3,3,long,moderate,opinion,3,2
359,2,1,5,medium,complex,creative,5,2
359,1,2,5,medium,complex,creative,5,2
359,12,3,5,medium,complex,creative,5,2
360,14,1,5,medium,moderate,opinion,5,2
360,2,2,5,medium,moderate,opinion,5,2
360,3,3,4,medium,moderate,opinion,5,2
361,11,1,3,short,complex,opinion,3,3
361,4,2,5,short,complex,opinion,3,3
361,2,3,3,short,complex,opinion,3,3
362,7,1,2,short,simple,technical,2,1
362,4,2,3,short,simple,technical,2,1
362,11,3,1,short,simple,technical,2,1
363,1,1,1,medium,moderate,factual,1,1
363,10,2,2,medium,moderate,factual,1,1
363,14,3,1,medium,moderate,factual,1,1
364,11,1,5,long,moderate,factual,5,1
364,7,2,4,long,moderate,factual,5,1
364,15,3,5,long,moderate,factual,5,1
365,7,1,5,short,simple,technical,4,1
365,9,2,5,short,simple,technical,4,1
365,1,3,2,short,simple,technical,4,1
366,9,1,4,short,moderate,factual,4,1
366,14,2,4,short,moderate,factual,4,1
366,12,3,3,short,moderate,factual,4,1
367,9,1,2,short,moderate,factual,1,1
367,3,2,2,short,moderate,factual,1,1
367,11,3,1,short,moderate,factual,1,1
368,13,1,5,long,moderate,factual,3,1
368,15,2,3,long,moderate,factual,3,1
368,8,3,4,long,moderate,factual,3,1
369,10,1,3,medium,simple,factual,2,1
369,2,2,2,medium,simple,factual,2,1
369,3,3,3,medium,simple,factual,2,1
370,15,1,3,medium,moderate,creative,3,1
370,14,2,3,medium,moderate,creative,3,1
370,13,3,4,medium,moderate,creative,3,1
371,6,1,4,medium,moderate,factual,5,1
371,2,2,5,medium,moderate,factual,5,1
371,11,3,5,medium,moderate,factual,5,1
372,7,1,2,medium,complex,technical,3,2
372,13,2,5,medium,complex,technical,3,2
372,1,3,1,medium,complex,technical,3,2
373,6,1,5,short,moderate,technical,5,1
373,3,2,5,short,moderate,technical,5,1
373,1,3,4,short,moderate,technical,5,1
374,6,1,2,medium,moderate,technical,3,1
374,9,2,3,medium,moderate,technical,3,1
374,4,3,2,medium,moderate,technical,3,1
375,10,1,1,short,moderate,technical,1,1
375,12,2,2,short,moderate,technical,1,1
375,14,3,1,short,moderate,technical,1,1
376,10,1,4,long,moderate,factual,3,1
376,7,2,4,long,moderate,factual,3,1
376,13,3,3,long,moderate,factual,3,1
377,6,1,5,medium,moderate,technical,5,1
377,13,2,5,medium,moderate,technical,5,1
377,11,3,5,medium,moderate,technical,5,1
378,2,1,3,medium,moderate,technical,3,1
378,11,2,3,medium,moderate,technical,3,1
378,5,3,4,medium,moderate,technical,3,1
379,5,1,2,medium,moderate,factual,2,1
379,11,2,2,medium,moderate,factual,2,1
379,13,3,2,medium,moderate,factual,2,1
380,13,1,4,long,simple,factual,3,1
380,8,2,3,long,simple,factual,3,1
380,3,3,3,long,simple,factual,3,1
381,10,1,5,short,moderate,opinion,5,2
381,6,2,4,short,moderate,opinion,5,2
381,11,3,5,short,moderate,opinion,5,2
382,2,1,1,medium,simple,creative,1,1
382,4,2,1,medium,simple,creative,1,1
382,3,3,1,medium,simple,creative,1,1
383,4,1,3,medium,moderate,opinion,4,2
383,9,2,4,medium,moderate,opinion,4,2
383,14,3,5,medium,moderate,opinion,4,2
384,11,1,5,medium,moderate,opinion,5,2
384,4,2,5,medium,moderate,opinion,5,2
384,13,3,5,medium,moderate,opinion,5,2
385,11,1,1,short,complex,opinion,1,3
385,15,2,3,short,complex,opinion,1,3
385,8,3,1,short,complex,opinion,1,3
386,5,1,5,long,moderate,creative,4,1
386,9,2,4,long,moderate,creative,4,1
386,2,3,4,long,moderate,creative,4,1
387,1,1,1,medium,moderate,opinion,1,2
387,5,2,3,medium,moderate,opinion,1,2
387,15,3,1,medium,moderate,opinion,1,2
388,12,1,1,long,complex,technical,2,2
388,11,2,2,long,complex,technical,2,2
388,10,3,4,long,complex,technical,2,2
389,10,1,5,medium,moderate,technical,3,1
389,6,2,2,medium,moderate,technical,3,1
389,15,3,3,medium,moderate,technical,3,1
390,10,1,5,medium,moderate,opinion,4,2
390,2,2,5,medium,moderate,opinion,4,2
390,6,3,5,medium,moderate,opinion,4,2
391,13,1,2,long,moderate,creative,2,1
391,9,2,2,long,moderate,creative,2,1
391,2,3,3,long,moderate,creative,2,1
392,6,1,2,short,simple,factual,3,1
392,8,2,4,short,simple,factual,3,1
392,7,3,3,short,simple,factual,3,1
393,7,1,3,short,moderate,factual,2,1
393,8,2,1,short,moderate,factual,2,1
393,3,3,2,short,moderate,factual,2,1
394,6,1,5,medium,complex,opinion,4,3
394,13,2,5,medium,complex,opinion,4,3
394,9,3,5,medium,complex,opinion,4,3
395,13,1,2,short,moderate,factual,1,1
395,8,2,2,short,moderate,factual,1,1
395,7,3,2,short,moderate,factual,1,1
396,11,1,1,medium,complex,opinion,2,3
396,13,2,4,medium,complex,opinion,2,3
396,14,3,5,medium,complex,opinion,2,3
397,9,1,1,long,moderate,opinion,2,2
397,11,2,3,long,moderate,opinion,2,2
397,8,3,2,long,moderate,opinion,2,2
398,12,1,3,long,moderate,creative,3,1
398,2,2,2,long,moderate,creative,3,1
398,7,3,2,long,moderate,creative,3,1
399,11,1,1,short,complex,opinion,2,3
399,10,2,2,short,complex,opinion,2,3
399,15,3,2,short,complex,opinion,2,3
400,2,1,1,medium,moderate,creative,2,1
400,10,2,4,medium,moderate,creative,2,1
400,12,3,2,medium,moderate,creative,2,1
401,1,1,2,medium,complex,factual,3,2
401,8,2,2,medium,complex,factual,3,2
401,15,3,3,medium,complex,factual,3,2
402,2,1,5,short,moderate,factual,4,1
402,5,2,4,short,moderate,factual,4,1
402,3,3,3,short,moderate,factual,4,1
403,15,1,5,short,complex,technical,5,2
403,9,2,5,short,complex,technical,5,2
403,3,3,5,short,complex,technical,5,2
404,4,1,2,medium,moderate,opinion,1,2
404,13,2,1,medium,moderate,opinion,1,2
404,5,3,1,medium,moderate,opinion,1,2
405,13,1,4,long,moderate,opinion,3,2
405,8,2,2,long,moderate,opinion,3,2
405,15,3,2,long,moderate,opinion,3,2
406,9,1,4,medium,moderate,creative,5,1
406,12,2,5,medium,moderate,creative,5,1
406,3,3,5,medium,moderate,creative,5,1
407,3,1,4,long,moderate,opinion,5,2
407,9,2,5,long,moderate,opinion,5,2
407,12,3,4,long,moderate,opinion,5,2
408,1,1,5,medium,complex,factual,4,2
408,8,2,2,medium,complex,factual,4,2
408,5,3,4,medium,complex,factual,4,2
409,11,1,4,medium,moderate,creative,3,1
409,14,2,3,medium,moderate,creative,3,1
409,12,3,3,medium,moderate,creative,3,1
410,10,1,1,medium,moderate,opinion,1,2
410,4,2,2,medium,moderate,opinion,1,2
410,13,3,3,medium,moderate,opinion,1,2
411,9,1,1,medium,moderate,creative,2,1
411,5,2,2,medium,moderate,creative,2,1
411,10,3,2,medium,moderate,creative,2,1
412,15,1,3,short,moderate,technical,4,1
412,10,2,5,short,moderate,technical,4,1
412,11,3,5,short,moderate,technical,4,1
413,11,1,5,medium,moderate,factual,5,1
413,4,2,5,medium,moderate,factual,5,1
413,13,3,5,medium,moderate,factual,5,1
414,10,1,3,short,moderate,technical,3,1
414,9,2,3,short,moderate,technical,3,1
414,13,3,5,short,moderate,technical,3,1
415,14,1,3,medium,moderate,creative,3,1
415,4,2,3,medium,moderate,creative,3,1
415,6,3,2,medium,moderate,creative,3,1
416,9,1,4,medium,moderate,opinion,5,2
416,11,2,5,medium,moderate,opinion,5,2
416,3,3,5,medium,moderate,opinion,5,2
417,9,1,4,medium,complex,opinion,3,3
417,11,2,4,medium,complex,opinion,3,3
417,15,3,3,medium,complex,opinion,3,3
418,3,1,2,short,moderate,creative,1,1
418,7,2,1,short,moderate,creative,1,1
418,14,3,2,short,moderate,creative,1,1
419,7,1,2,medium,moderate,factual,1,1
419,13,2,1,medium,moderate,factual,1,1
419,5,3,1,medium,moderate,factual,1,1
420,9,1,5,medium,simple,technical,4,1
420,15,2,4,medium,simple,technical,4,1
420,11,3,4,medium,simple,technical,4,1
421,13,1,4,medium,moderate,factual,3,1
421,5,2,4,medium,moderate,factual,3,1
421,12,3,3,medium,moderate,factual,3,1
422,12,1,5,medium,moderate,technical,4,1
422,8,2,4,medium,moderate,technical,4,1
422,13,3,4,medium,moderate,technical,4,1
423,15,1,3,long,simple,creative,2,1
423,6,2,1,long,simple,creative,2,1
423,8,3,2,long,simple,creative,2,1
424,1,1,5,long,simple,opinion,5,2
424,7,2,5,long,simple,opinion,5,2
424,4,3,5,long,simple,opinion,5,2
425,5,1,5,short,moderate,opinion,5,2
425,4,2,5,short,moderate,opinion,5,2
425,14,3,5,short,moderate,opinion,5,2
426,5,1,2,medium,simple,factual,2,1
426,13,2,2,medium,simple,factual,2,1
426,11,3,3,medium,simple,factual,2,1
427,3,1,2,medium,moderate,creative,2,1
427,12,2,2,medium,moderate,creative,2,1
427,13,3,2,medium,moderate,creative,2,1
428,15,1,2,medium,moderate,creative,2,1
428,12,2,1,medium,moderate,creative,2,1
428,11,3,3,medium,moderate,creative,2,1
429,14,1,5,short,simple,technical,4,1
429,1,2,4,short,simple,technical,4,1
429,11,3,5,short,simple,technical,4,1
430,13,1,2,short,simple,factual,1,1
430,4,2,1,short,simple,factual,1,1
430,9,3,1,short,simple,factual,1,1
431,14,1,5,short,moderate,technical,5,1
431,15,2,5,short,moderate,technical,5,1
431,4,3,4,short,moderate,technical,5,1
432,1,1,4,short,simple,creative,5,1
432,9,2,5,short,simple,creative,5,1
432,5,3,5,short,simple,creative,5,1
433,6,1,1,medium,simple,creative,1,1
433,12,2,1,medium,simple,creative,1,1
433,8,3,1,medium,simple,creative,1,1
434,1,1,3,medium,simple,technical,4,1
434,2,2,3,medium,simple,technical,4,1
434,7,3,2,medium,simple,technical,4,1
435,3,1,3,long,moderate,factual,3,1
435,12,2,3,long,moderate,factual,3,1
435,15,3,3,long,moderate,factual,3,1
436,5,1,1,medium,complex,factual,1,2
436,10,2,3,medium,complex,factual,1,2
436,1,3,1,medium,complex,factual,1,2
437,4,1,2,medium,moderate,opinion,2,2
437,10,2,1,medium,moderate,opinion,2,2
437,12,3,3,medium,moderate,opinion,2,2
438,15,1,4,medium,simple,creative,4,1
438,5,2,4,medium,simple,creative,4,1
438,3,3,4,medium,simple,creative,4,1
439,6,1,5,medium,moderate,opinion,5,2
439,5,2,4,medium,moderate,opinion,5,2
439,1,3,5,medium,moderate,opinion,5,2
440,8,1,2,medium,moderate,technical,2,1
440,11,2,2,medium,moderate,technical,2,1
440,15,3,2,medium,moderate,technical,2,1
441,10,1,1,short,complex,opinion,1,3
441,7,2,1,short,complex,opinion,1,3
441,5,3,1,short,complex,opinion,1,3
442,10,1,5,long,moderate,creative,5,1
442,14,2,5,long,moderate,creative,5,1
442,5,3,5,long,moderate,creative,5,1
443,1,1,1,medium,simple,opinion,1,2
443,15,2,1,medium,simple,opinion,1,2
443,10,3,2,medium,simple,opinion,1,2
444,10,1,1,long,complex,technical,3,2
444,2,2,2,long,complex,technical,3,2
444,8,3,2,long,complex,technical,3,2
445,13,1,2,medium,moderate,technical,2,1
445,15,2,2,medium,moderate,technical,2,1
445,14,3,2,medium,moderate,technical,2,1
446,3,1,1,medium,complex,technical,1,2
446,10,2,2,medium,complex,technical,1,2
446,1,3,1,medium,complex,technical,1,2
447,12,1,5,medium,complex,creative,5,2
447,1,2,4,medium,complex,creative,5,2
447,7,3,5,medium,complex,creative,5,2
448,11,1,3,long,simple,technical,3,1
448,1,2,4,long,simple,technical,3,1
448,10,3,3,long,simple,technical,3,1
449,9,1,5,short,complex,factual,5,2
449,13,2,5,short,complex,factual,5,2
449,8,3,5,short,complex,factual,5,2
450,15,1,3,medium,simple,factual,3,1
450,1,2,2,medium,simple,factual,3,1
450,3,3,3,medium,simple,factual,3,1
451,4,1,3,medium,simple,factual,3,1
451,1,2,3,medium,simple,factual,3,1
451,9,3,4,medium,simple,factual,3,1
452,1,1,5,medium,complex,opinion,5,3
452,2,2,5,medium,complex,opinion,5,3
452,7,3,5,medium,complex,opinion,5,3
453,8,1,1,short,complex,technical,2,2
453,4,2,2,short,complex,technical,2,2
453,6,3,2,short,complex,technical,2,2
454,10,1,2,short,moderate,technical,1,1
454,1,2,2,short,moderate,technical,1,1
454,2,3,1,short,moderate,technical,1,1
455,6,1,1,medium,moderate,technical,1,1
455,14,2,1,medium,moderate,technical,1,1
455,12,3,1,medium,moderate,technical,1,1
456,11,1,5,medium,simple,factual,5,1
456,2,2,5,medium,simple,factual,5,1
456,10,3,5,medium,simple,factual,5,1
457,11,1,3,medium,moderate,opinion,3,2
457,6,2,3,medium,moderate,opinion,3,2
457,1,3,2,medium,moderate,opinion,3,2
458,6,1,2,short,moderate,opinion,3,2
458,3,2,1,short,moderate,opinion,3,2
458,5,3,5,short,moderate,opinion,3,2
459,15,1,2,long,moderate,opinion,1,2
459,5,2,1,long,moderate,opinion,1,2
459,1,3,1,long,moderate,opinion,1,2
460,10,1,4,long,moderate,technical,3,1
460,14,2,4,long,moderate,technical,3,1
460,4,3,3,long,moderate,technical,3,1
461,15,1,3,medium,complex,factual,2,2
461,9,2,2,medium,complex,factual,2,2
461,6,3,1,medium,complex,factual,2,2
462,6,1,1,medium,complex,technical,2,2
462,13,2,3,medium,complex,technical,2,2
462,5,3,3,medium,complex,technical,2,2
463,11,1,1,long,moderate,technical,1,1
463,12,2,1,long,moderate,technical,1,1
463,2,3,1,long,moderate,technical,1,1
464,15,1,5,medium,moderate,technical,5,1
464,10,2,5,medium,moderate,technical,5,1
464,12,3,5,medium,moderate,technical,5,1
465,4,1,3,medium,complex,opinion,1,3
465,7,2,2,medium,complex,opinion,1,3
465,1,3,1,medium,complex,opinion,1,3
466,15,1,4,short,complex,technical,5,2
466,10,2,5,short,complex,technical,5,2
466,2,3,5,short,complex,technical,5,2
467,9,1,1,medium,moderate,creative,1,1
467,15,2,1,medium,moderate,creative,1,1
467,1,3,1,medium,moderate,creative,1,1
468,15,1,1,medium,moderate,factual,1,1
468,8,2,1,medium,moderate,factual,1,1
468,1,3,1,medium,moderate,factual,1,1
469,12,1,5,medium,moderate,technical,5,1
469,1,2,5,medium,moderate,technical,5,1
469,7,3,5,medium,moderate,technical,5,1
470,6,1,2,long,moderate,opinion,2,2
470,15,2,2,long,moderate,opinion,2,2
470,4,3,3,long,moderate,opinion,2,2
471,3,1,5,medium,simple,creative,5,1
471,1,2,5,medium,simple,creative,5,1
471,8,3,5,medium,simple,creative,5,1
472,5,1,1,medium,moderate,opinion,1,2
472,15,2,1,medium,moderate,opinion,1,2
472,13,3,4,medium,moderate,opinion,1,2
473,13,1,5,long,moderate,technical,4,1
473,14,2,4,long,moderate,technical,4,1
473,15,3,5,long,moderate,technical,4,1
474,15,1,2,long,simple,creative,2,1
474,9,2,1,long,simple,creative,2,1
474,11,3,3,long,simple,creative,2,1
475,9,1,1,medium,moderate,technical,1,1
475,15,2,1,medium,moderate,technical,1,1
475,10,3,2,medium,moderate,technical,1,1
476,10,1,2,medium,moderate,factual,2,1
476,13,2,3,medium,moderate,factual,2,1
476,8,3,3,medium,moderate,factual,2,1
477,8,1,5,short,simple,technical,5,1
477,14,2,5,short,simple,technical,5,1
477,7,3,4,short,simple,technical,5,1
478,9,1,4,long,moderate,factual,4,1
478,14,2,4,long,moderate,factual,4,1
478,2,3,4,long,moderate,factual,4,1
479,1,1,2,medium,complex,technical,3,2
479,5,2,4,medium,complex,technical,3,2
479,15,3,4,medium,complex,technical,3,2
480,6,1,3,short,simple,opinion,3,2
480,8,2,3,short,simple,opinion,3,2
480,2,3,3,short,simple,opinion,3,2
481,15,1,1,medium,moderate,opinion,1,2
481,7,2,1,medium,moderate,opinion,1,2
481,11,3,1,medium,moderate,opinion,1,2
482,10,1,3,short,simple,creative,2,1
482,5,2,2,short,simple,creative,2,1
482,8,3,2,short,simple,creative,2,1
483,15,1,4,long,simple,factual,3,1
483,10,2,4,long,simple,factual,3,1
483,8,3,1,long,simple,factual,3,1
484,5,1,4,medium,complex,technical,3,2
484,9,2,5,medium,complex,technical,3,2
484,8,3,3,medium,complex,technical,3,2
485,8,1,5,long,moderate,technical,5,1
485,2,2,5,long,moderate,technical,5,1
485,5,3,5,long,moderate,technical,5,1
486,6,1,3,medium,complex,factual,5,2
486,3,2,2,medium,complex,factual,5,2
486,8,3,5,medium,complex,factual,5,2
487,12,1,2,long,moderate,factual,1,1
487,1,2,1,long,moderate,factual,1,1
487,4,3,1,long,moderate,factual,1,1
488,7,1,1,medium,simple,opinion,2,2
488,6,2,1,medium,simple,opinion,2,2
488,8,3,4,medium,simple,opinion,2,2
489,1,1,4,medium,moderate,factual,5,1
489,15,2,5,medium,moderate,factual,5,1
489,6,3,5,medium,moderate,factual,5,1
490,3,1,5,medium,complex,factual,4,2
490,5,2,4,medium,complex,factual,4,2
490,14,3,4,medium,complex,factual,4,2
491,2,1,3,long,complex,creative,2,2
491,11,2,1,long,complex,creative,2,2
491,4,3,3,long,complex,creative,2,2
492,10,1,2,medium,moderate,opinion,1,2
492,11,2,3,medium,moderate,opinion,1,2
492,13,3,4,medium,moderate,opinion,1,2
493,5,1,4,long,moderate,creative,4,1
493,11,2,4,long,moderate,creative,4,1
493,7,3,3,long,moderate,creative,4,1
494,4,1,4,medium,moderate,creative,4,1
494,11,2,4,medium,moderate,creative,4,1
494,10,3,4,medium,moderate,creative,4,1
495,5,1,1,medium,moderate,creative,1,1
495,3,2,1,medium,moderate,creative,1,1
495,13,3,2,medium,moderate,creative,1,1
496,13,1,5,medium,complex,factual,5,2
496,5,2,5,medium,complex,factual,5,2
496,8,3,5,medium,complex,factual,5,2
497,15,1,4,short,complex,technical,3,2
497,3,2,5,short,complex,technical,3,2
497,14,3,4,short,complex,technical,3,2
498,5,1,5,medium,complex,factual,4,2
498,15,2,4,medium,complex,factual,4,2
498,10,3,3,medium,complex,factual,4,2
499,5,1,2,medium,moderate,technical,2,1
499,15,2,2,medium,moderate,technical,2,1
499,4,3,1,medium,moderate,technical,2,1
500,11,1,2,medium,moderate,opinion,1,2
500,3,2,2,medium,moderate,opinion,1,2
500,2,3,2,medium,moderate,opinion,1,2
501,14,1,1,medium,moderate,factual,1,1
501,4,2,1,medium,moderate,factual,1,1
501,9,3,2,medium,moderate,factual,1,1
502,9,1,4,medium,simple,creative,3,1
502,12,2,2,medium,simple,creative,3,1
502,7,3,4,medium,simple,creative,3,1
503,14,1,4,short,moderate,technical,4,1
503,10,2,4,short,moderate,technical,4,1
503,12,3,4,short,moderate,technical,4,1
504,9,1,4,long,simple,technical,4,1
504,15,2,5,long,simple,technical,4,1
504,11,3,4,long,simple,technical,4,1
505,13,1,2,medium,moderate,creative,2,1
505,6,2,1,medium,moderate,creative,2,1
505,14,3,2,medium,moderate,creative,2,1
506,11,1,4,long,complex,technical,3,2
506,10,2,2,long,complex,technical,3,2
506,9,3,4,long,complex,technical,3,2
507,14,1,5,short,complex,technical,5,2
507,4,2,5,short,complex,technical,5,2
507,3,3,5,short,complex,technical,5,2
508,3,1,1,medium,moderate,opinion,1,2
508,2,2,1,medium,moderate,opinion,1,2
508,12,3,1,medium,moderate,opinion,1,2
509,11,1,5,long,moderate,factual,4,1
509,10,2,4,long,moderate,factual,4,1
509,6,3,4,long,moderate,factual,4,1
510,6,1,1,medium,moderate,creative,2,1
510,4,2,1,medium,moderate,creative,2,1
510,15,3,3,medium,moderate,creative,2,1
511,15,1,2,medium,complex,technical,4,2
511,4,2,4,medium,complex,technical,4,2
511,10,3,4,medium,complex,technical,4,2
512,3,1,5,short,moderate,creative,5,1
512,8,2,5,short,moderate,creative,5,1
512,15,3,5,short,moderate,creative,5,1
513,1,1,5,medium,complex,creative,4,2
513,3,2,4,medium,complex,creative,4,2
513,15,3,4,medium,complex,creative,4,2
514,4,1,2,medium,moderate,technical,2,1
514,15,2,2,medium,moderate,technical,2,1
514,11,3,2,medium,moderate,technical,2,1
515,2,1,4,short,simple,factual,4,1
515,6,2,3,short,simple,factual,4,1
515,11,3,5,short,simple,factual,4,1
516,10,1,3,medium,moderate,technical,3,1
516,1,2,3,medium,moderate,technical,3,1
516,4,3,2,medium,moderate,technical,3,1
517,4,1,3,medium,complex,technical,3,2
517,8,2,3,medium,complex,technical,3,2
517,12,3,4,medium,complex,technical,3,2
518,6,1,1,medium,moderate,opinion,2,2
518,5,2,1,medium,moderate,opinion,2,2
518,11,3,3,medium,moderate,opinion,2,2
519,11,1,3,medium,complex,opinion,5,3
519,14,2,5,medium,complex,opinion,5,3
519,6,3,3,medium,complex,opinion,5,3
520,2,1,1,short,simple,factual,1,1
520,10,2,2,short,simple,factual,1,1
520,15,3,1,short,simple,factual,1,1
521,6,1,1,long,complex,creative,1,2
521,13,2,3,long,complex,creative,1,2
521,8,3,1,long,complex,creative,1,2
522,15,1,5,long,moderate,factual,5,1
522,8,2,5,long,moderate,factual,5,1
522,9,3,4,long,moderate,factual,5,1
523,5,1,5,long,moderate,factual,5,1
523,1,2,4,long,moderate,factual,5,1
523,15,3,5,long,moderate,factual,5,1
524,12,1,1,medium,complex,technical,3,2
524,11,2,4,medium,complex,technical,3,2
524,4,3,1,medium,complex,technical,3,2
525,2,1,2,short,moderate,creative,3,1
525,5,2,3,short,moderate,creative,3,1
525,11,3,4,short,moderate,creative,3,1
526,6,1,4,short,moderate,opinion,3,2
526,11,2,4,short,moderate,opinion,3,2
526,13,3,3,short,moderate,opinion,3,2
527,15,1,5,medium,complex,technical,5,2
527,11,2,5,medium,complex,technical,5,2
527,4,3,3,medium,complex,technical,5,2
528,10,1,3,long,complex,technical,3,2
528,11,2,4,long,complex,technical,3,2
528,8,3,3,long,complex,technical,3,2
529,13,1,3,medium,simple,factual,2,1
529,9,2,2,medium,simple,factual,2,1
529,3,3,2,medium,simple,factual,2,1
530,11,1,2,medium,simple,technical,2,1
530,4,2,2,medium,simple,technical,2,1
530,13,3,2,medium,simple,technical,2,1
531,4,1,2,long,moderate,factual,2,1
531,9,2,3,long,moderate,factual,2,1
531,2,3,3,long,moderate,factual,2,1
532,12,1,4,medium,simple,factual,4,1
532,1,2,4,medium,simple,factual,4,1
532,4,3,3,medium,simple,factual,4,1
533,5,1,2,short,moderate,technical,2,1
533,10,2,3,short,moderate,technical,2,1
533,9,3,2,short,moderate,technical,2,1
534,2,1,3,short,complex,technical,2,2
534,13,2,3,short,complex,technical,2,2
534,9,3,2,short,complex,technical,2,2
535,10,1,5,medium,moderate,technical,4,1
535,4,2,3,medium,moderate,technical,4,1
535,13,3,4,medium,moderate,technical,4,1
536,5,1,4,medium,simple,opinion,3,2
536,10,2,3,medium,simple,opinion,3,2
536,13,3,4,medium,simple,opinion,3,2
537,2,1,5,medium,moderate,technical,5,1
537,4,2,4,medium,moderate,technical,5,1
537,15,3,5,medium,moderate,technical,5,1
538,11,1,2,short,moderate,creative,2,1
538,14,2,3,short,moderate,creative,2,1
538,3,3,2,short,moderate,creative,2,1
539,2,1,4,short,complex,creative,3,2
539,4,2,5,short,complex,creative,3,2
539,14,3,2,short,complex,creative,3,2
540,7,1,1,medium,complex,factual,2,2
540,14,2,1,medium,complex,factual,2,2
540,5,3,3,medium,complex,factual,2,2
541,13,1,3,short,simple,technical,2,1
541,5,2,2,short,simple,technical,2,1
541,15,3,1,short,simple,technical,2,1
542,5,1,1,long,simple,factual,1,1
542,10,2,2,long,simple,factual,1,1
542,11,3,2,long,simple,factual,1,1
543,4,1,3,short,moderate,technical,3,1
543,12,2,2,short,moderate,technical,3,1
543,6,3,1,short,moderate,technical,3,1
544,14,1,4,medium,moderate,opinion,4,2
544,3,2,5,medium,moderate,opinion,4,2
544,15,3,4,medium,moderate,opinion,4,2
545,14,1,5,short,moderate,factual,4,1
545,11,2,4,short,moderate,factual,4,1
545,9,3,4,short,moderate,factual,4,1
546,6,1,5,short,simple,factual,5,1
546,10,2,5,short,simple,factual,5,1
546,5,3,5,short,simple,factual,5,1
547,4,1,1,short,moderate,factual,2,1
547,6,2,1,short,moderate,factual,2,1
547,10,3,4,short,moderate,factual,2,1
548,15,1,1,medium,complex,creative,2,2
548,7,2,1,medium,complex,creative,2,2
548,5,3,2,medium,complex,creative,2,2
549,15,1,5,medium,simple,factual,5,1
549,5,2,5,medium,simple,factual,5,1
549,8,3,5,medium,simple,factual,5,1
550,6,1,5,medium,complex,creative,5,2
550,10,2,4,medium,complex,creative,5,2
550,1,3,5,medium,complex,creative,5,2
551,14,1,4,long,moderate,technical,4,1
551,9,2,4,long,moderate,technical,4,1
551,1,3,4,long,moderate,technical,4,1
552,7,1,1,medium,simple,opinion,1,2
552,5,2,2,medium,simple,opinion,1,2
552,14,3,2,medium,simple,opinion,1,2
553,15,1,1,short,complex,technical,1,2
553,11,2,2,short,complex,technical,1,2
553,12,3,3,short,complex,technical,1,2
554,10,1,2,medium,moderate,factual,1,1
554,2,2,1,medium,moderate,factual,1,1
554,12,3,1,medium,moderate,factual,1,1
555,8,1,4,medium,complex,creative,3,2
555,11,2,3,medium,complex,creative,3,2
555,2,3,3,medium,complex,creative,3,2
556,4,1,1,medium,complex,technical,1,2
556,11,2,1,medium,complex,technical,1,2
556,5,3,2,medium,complex,technical,1,2
557,3,1,1,long,moderate,opinion,2,2
557,10,2,2,long,moderate,opinion,2,2
557,14,3,1,long,moderate,opinion,2,2
558,7,1,2,medium,moderate,technical,3,1
558,10,2,4,medium,moderate,technical,3,1
558,8,3,1,medium,moderate,technical,3,1
559,8,1,3,long,moderate,opinion,2,2
559,10,2,2,long,moderate,opinion,2,2
559,1,3,1,long,moderate,opinion,2,2
560,13,1,1,short,complex,opinion,3,3
560,11,2,3,short,complex,opinion,3,3
560,14,3,4,short,complex,opinion,3,3
561,9,1,4,short,moderate,technical,5,1
561,12,2,5,short,moderate,technical,5,1
561,1,3,3,short,moderate,technical,5,1
562,4,1,2,medium,simple,technical,3,1
562,6,2,2,medium,simple,technical,3,1
562,2,3,4,medium,simple,technical,3,1
563,6,1,2,medium,simple,factual,4,1
563,7,2,3,medium,simple,factual,4,1
563,10,3,5,medium,simple,factual,4,1
564,2,1,4,medium,moderate,technical,5,1
564,5,2,5,medium,moderate,technical,5,1
564,11,3,5,medium,moderate,technical,5,1
565,1,1,5,medium,moderate,opinion,4,2
565,8,2,4,medium,moderate,opinion,4,2
565,14,3,4,medium,moderate,opinion,4,2
566,9,1,2,medium,complex,opinion,1,3
566,11,2,2,medium,complex,opinion,1,3
566,6,3,1,medium,complex,opinion,1,3
567,6,1,2,short,moderate,opinion,2,2
567,7,2,1,short,moderate,opinion,2,2
567,3,3,2,short,moderate,opinion,2,2
568,15,1,5,medium,simple,opinion,3,2
568,9,2,3,medium,simple,opinion,3,2
568,2,3,3,medium,simple,opinion,3,2
569,8,1,3,short,simple,factual,4,1
569,5,2,4,short,simple,factual,4,1
569,11,3,4,short,simple,factual,4,1
570,2,1,1,short,moderate,technical,2,1
570,4,2,2,short,moderate,technical,2,1
570,7,3,1,short,moderate,technical,2,1
571,15,1,5,short,moderate,technical,4,1
571,14,2,4,short,moderate,technical,4,1
571,7,3,3,short,moderate,technical,4,1
572,5,1,4,medium,simple,technical,3,1
572,15,2,4,medium,simple,technical,3,1
572,13,3,3,medium,simple,technical,3,1
573,1,1,1,long,moderate,creative,1,1
573,11,2,2,long,moderate,creative,1,1
573,14,3,1,long,moderate,creative,1,1
574,7,1,1,medium,moderate,creative,1,1
574,6,2,2,medium,moderate,creative,1,1
574,8,3,1,medium,moderate,creative,1,1
575,11,1,2,medium,complex,factual,1,2
575,13,2,2,medium,complex,factual,1,2
575,8,3,1,medium,complex,factual,1,2
576,8,1,4,short,complex,technical,4,2
576,6,2,4,short,complex,technical,4,2
576,5,3,5,short,complex,technical,4,2
577,10,1,4,medium,moderate,creative,4,1
577,11,2,3,medium,moderate,creative,4,1
577,8,3,5,medium,moderate,creative,4,1
578,12,1,3,medium,moderate,factual,2,1
578,5,2,3,medium,moderate,factual,2,1
578,3,3,3,medium,moderate,factual,2,1
579,4,1,1,short,simple,technical,2,1
579,5,2,3,short,simple,technical,2,1
579,9,3,1,short,simple,technical,2,1
580,12,1,1,short,moderate,factual,1,1
580,1,2,1,short,moderate,factual,1,1
580,7,3,1,short,moderate,factual,1,1
581,4,1,2,medium,complex,creative,2,2
581,14,2,1,medium,complex,creative,2,2
581,15,3,2,medium,complex,creative,2,2
582,8,1,3,long,moderate,creative,3,1
582,14,2,3,long,moderate,creative,3,1
582,10,3,4,long,moderate,creative,3,1
583,9,1,5,short,complex,factual,5,2
583,13,2,5,short,complex,factual,5,2
583,5,3,5,short,complex,factual,5,2
584,7,1,5,short,moderate,opinion,5,2
584,9,2,4,short,moderate,opinion,5,2
584,5,3,5,short,moderate,opinion,5,2
585,13,1,1,medium,simple,technical,1,1
585,6,2,1,medium,simple,technical,1,1
585,4,3,1,medium,simple,technical,1,1
586,3,1,4,medium,moderate,opinion,1,2
586,8,2,1,medium,moderate,opinion,1,2
586,15,3,1,medium,moderate,opinion,1,2
587,4,1,3,long,moderate,opinion,4,2
587,7,2,4,long,moderate,opinion,4,2
587,11,3,3,long,moderate,opinion,4,2
588,11,1,4,long,moderate,creative,5,1
588,9,2,4,long,moderate,creative,5,1
588,2,3,5,long,moderate,creative,5,1
589,8,1,5,medium,complex,technical,5,2
589,1,2,2,medium,complex,technical,5,2
589,10,3,5,medium,complex,technical,5,2
590,10,1,4,short,moderate,creative,3,1
590,9,2,2,short,moderate,creative,3,1
590,8,3,2,short,moderate,creative,3,1
591,10,1,5,medium,moderate,opinion,5,2
591,6,2,4,medium,moderate,opinion,5,2
591,3,3,5,medium,moderate,opinion,5,2
592,3,1,3,long,simple,opinion,2,2
592,9,2,3,long,simple,opinion,2,2
592,11,3,2,long,simple,opinion,2,2
593,10,1,2,medium,moderate,technical,2,1
593,5,2,1,medium,moderate,technical,2,1
593,15,3,2,medium,moderate,technical,2,1
594,11,1,3,long,moderate,factual,3,1
594,4,2,3,long,moderate,factual,3,1
594,12,3,3,long,moderate,factual,3,1
595,5,1,4,long,moderate,creative,4,1
595,15,2,5,long,moderate,creative,4,1
595,6,3,3,long,moderate,creative,4,1
596,4,1,3,medium,complex,technical,4,2
596,7,2,5,medium,complex,technical,4,2
596,15,3,4,medium,complex,technical,4,2
597,7,1,5,short,complex,technical,5,2
597,14,2,5,short,complex,technical,5,2
597,4,3,5,short,complex,technical,5,2
598,2,1,4,medium,moderate,factual,2,1
598,9,2,2,medium,moderate,factual,2,1
598,5,3,2,medium,moderate,factual,2,1
599,10,1,5,medium,moderate,opinion,5,2
599,13,2,5,medium,moderate,opinion,5,2
599,2,3,2,medium,moderate,opinion,5,2
600,3,1,2,medium,complex,creative,2,2
600,14,2,3,medium,complex,creative,2,2
600,9,3,1,medium,complex,creative,2,2
601,11,1,5,medium,simple,factual,4,1
601,14,2,4,medium,simple,factual,4,1
601,5,3,4,medium,simple,factual,4,1
602,6,1,1,medium,complex,factual,1,2
602,1,2,1,medium,complex,factual,1,2
602,7,3,1,medium,complex,factual,1,2
603,7,1,3,short,simple,factual,3,1
603,8,2,2,short,simple,factual,3,1
603,11,3,3,short,simple,factual,3,1
604,10,1,4,medium,moderate,factual,3,1
604,13,2,4,medium,moderate,factual,3,1
604,2,3,3,medium,moderate,factual,3,1
605,2,1,4,short,complex,creative,4,2
605,3,2,3,short,complex,creative,4,2
605,7,3,5,short,complex,creative,4,2
606,14,1,1,medium,complex,technical,1,2
606,1,2,3,medium,complex,technical,1,2
606,10,3,1,medium,complex,technical,1,2
607,7,1,1,short,moderate,opinion,3,2
607,15,2,3,short,moderate,opinion,3,2
607,12,3,1,short,moderate,opinion,3,2
608,14,1,3,medium,simple,technical,2,1
608,13,2,3,medium,simple,technical,2,1
608,7,3,2,medium,simple,technical,2,1
609,14,1,4,medium,moderate,technical,4,1
609,7,2,3,medium,moderate,technical,4,1
609,2,3,5,medium,moderate,technical,4,1
610,12,1,5,short,complex,creative,5,2
610,11,2,5,short,complex,creative,5,2
610,6,3,4,short,complex,creative,5,2
611,10,1,2,medium,moderate,technical,3,1
611,13,2,3,medium,moderate,technical,3,1
611,9,3,3,medium,moderate,technical,3,1
612,15,1,5,short,moderate,technical,5,1
612,7,2,4,short,moderate,technical,5,1
612,9,3,5,short,moderate,technical,5,1
613,5,1,1,short,moderate,opinion,1,2
613,13,2,1,short,moderate,opinion,1,2
613,1,3,1,short,moderate,opinion,1,2
614,1,1,3,medium,simple,creative,1,1
614,10,2,1,medium,simple,creative,1,1
614,11,3,2,medium,simple,creative,1,1
615,1,1,3,long,complex,technical,1,2
615,15,2,3,long,complex,technical,1,2
615,3,3,1,long,complex,technical,1,2
616,11,1,2,long,simple,opinion,1,2
616,6,2,1,long,simple,opinion,1,2
616,13,3,1,long,simple,opinion,1,2
617,5,1,3,medium,simple,technical,3,1
617,13,2,4,medium,simple,technical,3,1
617,9,3,2,medium,simple,technical,3,1
618,10,1,5,medium,complex,factual,5,2
618,2,2,5,medium,complex,factual,5,2
618,6,3,4,medium,complex,factual,5,2
619,11,1,2,medium,complex,factual,4,2
619,14,2,4,medium,complex,factual,4,2
619,12,3,2,medium,complex,factual,4,2
620,12,1,1,medium,simple,factual,1,1
620,3,2,2,medium,simple,factual,1,1
620,2,3,1,medium,simple,factual,1,1
621,5,1,5,medium,moderate,creative,5,1
621,10,2,5,medium,moderate,creative,5,1
621,15,3,4,medium,moderate,creative,5,1
622,13,1,2,short,simple,technical,1,1
622,1,2,1,short,simple,technical,1,1
622,10,3,2,short,simple,technical,1,1
623,13,1,3,medium,simple,opinion,1,2
623,15,2,1,medium,simple,opinion,1,2
623,5,3,1,medium,simple,opinion,1,2
624,2,1,5,short,moderate,factual,5,1
624,6,2,5,short,moderate,factual,5,1
624,4,3,5,short,moderate,factual,5,1
625,4,1,2,medium,simple,opinion,3,2
625,3,2,3,medium,simple,opinion,3,2
625,7,3,2,medium,simple,opinion,3,2
626,8,1,3,short,simple,technical,3,1
626,7,2,2,short,simple,technical,3,1
626,3,3,3,short,simple,technical,3,1
627,2,1,1,medium,complex,factual,2,2
627,1,2,1,medium,complex,factual,2,2
627,10,3,3,medium,complex,factual,2,2
628,12,1,1,medium,moderate,opinion,1,2
628,11,2,1,medium,moderate,opinion,1,2
628,8,3,1,medium,moderate,opinion,1,2
629,6,1,4,short,moderate,technical,5,1
629,4,2,5,short,moderate,technical,5,1
629,13,3,5,short,moderate,technical,5,1
630,2,1,4,medium,moderate,factual,5,1
630,4,2,5,medium,moderate,factual,5,1
630,1,3,4,medium,moderate,factual,5,1
631,15,1,3,medium,moderate,technical,2,1
631,8,2,1,medium,moderate,technical,2,1
631,7,3,2,medium,moderate,technical,2,1
632,9,1,4,medium,moderate,factual,5,1
632,1,2,5,medium,moderate,factual,5,1
632,10,3,5,medium,moderate,factual,5,1
633,8,1,5,medium,moderate,factual,5,1
633,10,2,5,medium,moderate,factual,5,1
633,4,3,4,medium,moderate,factual,5,1
634,2,1,2,medium,moderate,creative,3,1
634,14,2,3,medium,moderate,creative,3,1
634,3,3,4,medium,moderate,creative,3,1
635,1,1,5,short,simple,opinion,5,2
635,14,2,5,short,simple,opinion,5,2
635,12,3,5,short,simple,opinion,5,2
636,6,1,3,short,simple,creative,4,1
636,1,2,3,short,simple,creative,4,1
636,9,3,4,short,simple,creative,4,1
637,14,1,1,medium,moderate,creative,1,1
637,6,2,1,medium,moderate,creative,1,1
637,5,3,1,medium,moderate,creative,1,1
638,14,1,2,short,moderate,creative,2,1
638,12,2,1,short,moderate,creative,2,1
638,11,3,1,short,moderate,creative,2,1
639,11,1,5,long,simple,factual,5,1
639,1,2,4,long,simple,factual,5,1
639,8,3,5,long,simple,factual,5,1
640,14,1,4,short,simple,opinion,4,2
640,3,2,3,short,simple,opinion,4,2
640,9,3,3,short,simple,opinion,4,2
641,2,1,5,medium,moderate,technical,5,1
641,1,2,5,medium,moderate,technical,5,1
641,12,3,4,medium,moderate,technical,5,1
642,6,1,4,medium,complex,technical,3,2
642,1,2,3,medium,complex,technical,3,2
642,7,3,5,medium,complex,technical,3,2
643,12,1,2,short,moderate,creative,3,1
643,6,2,3,short,moderate,creative,3,1
643,3,3,3,short,moderate,creative,3,1
644,6,1,3,long,moderate,technical,4,1
644,8,2,4,long,moderate,technical,4,1
644,3,3,4,long,moderate,technical,4,1
645,10,1,4,short,moderate,factual,3,1
645,2,2,4,short,moderate,factual,3,1
645,3,3,3,short,moderate,factual,3,1
646,15,1,5,short,moderate,factual,4,1
646,3,2,3,short,moderate,factual,4,1
646,13,3,5,short,moderate,factual,4,1
647,4,1,5,medium,moderate,opinion,5,2
647,9,2,5,medium,moderate,opinion,5,2
647,8,3,5,medium,moderate,opinion,5,2
648,6,1,4,medium,simple,creative,4,1
648,5,2,4,medium,simple,creative,4,1
648,10,3,5,medium,simple,creative,4,1
649,14,1,4,long,moderate,technical,4,1
649,5,2,5,long,moderate,technical,4,1
649,9,3,3,long,moderate,technical,4,1
650,14,1,3,long,moderate,factual,3,1
650,2,2,2,long,moderate,factual,3,1
650,10,3,2,long,moderate,factual,3,1
651,10,1,5,medium,simple,technical,4,1
651,15,2,5,medium,simple,technical,4,1
651,4,3,3,medium,simple,technical,4,1
652,12,1,5,long,moderate,factual,5,1
652,4,2,5,long,moderate,factual,5,1
652,13,3,5,long,moderate,factual,5,1
653,2,1,2,long,moderate,factual,1,1
653,11,2,1,long,moderate,factual,1,1
653,9,3,2,long,moderate,factual,1,1
654,3,1,5,short,simple,creative,5,1
654,13,2,5,short,simple,creative,5,1
654,4,3,5,short,simple,creative,5,1
655,9,1,5,short,moderate,creative,5,1
655,10,2,5,short,moderate,creative,5,1
655,12,3,5,short,moderate,creative,5,1
656,12,1,2,medium,complex,creative,2,2
656,9,2,3,medium,complex,creative,2,2
656,4,3,3,medium,complex,creative,2,2
657,7,1,1,medium,complex,factual,1,2
657,9,2,1,medium,complex,factual,1,2
657,15,3,2,medium,complex,factual,1,2
658,6,1,1,medium,moderate,technical,2,1
658,7,2,1,medium,moderate,technical,2,1
658,14,3,2,medium,moderate,technical,2,1
659,8,1,3,medium,moderate,creative,3,1
659,1,2,4,medium,moderate,creative,3,1
659,10,3,4,medium,moderate,creative,3,1
660,10,1,3,medium,simple,creative,2,1
660,7,2,2,medium,simple,creative,2,1
660,2,3,1,medium,simple,creative,2,1
661,2,1,4,short,moderate,creative,4,1
661,6,2,3,short,moderate,creative,4,1
661,11,3,2,short,moderate,creative,4,1
662,5,1,5,long,simple,factual,5,1
662,9,2,5,long,simple,factual,5,1
662,8,3,5,long,simple,factual,5,1
663,4,1,1,medium,complex,factual,1,2
663,15,2,1,medium,complex,factual,1,2
663,5,3,1,medium,complex,factual,1,2
664,14,1,1,long,complex,creative,1,2
664,12,2,1,long,complex,creative,1,2
664,3,3,1,long,complex,creative,1,2
665,13,1,3,medium,moderate,factual,3,1
665,11,2,4,medium,moderate,factual,3,1
665,1,3,1,medium,moderate,factual,3,1
666,10,1,1,short,moderate,technical,1,1
666,5,2,1,short,moderate,technical,1,1
666,9,3,1,short,moderate,technical,1,1
667,6,1,1,short,simple,opinion,2,2
667,11,2,2,short,simple,opinion,2,2
667,2,3,1,short,simple,opinion,2,2
668,7,1,1,medium,moderate,factual,2,1
668,8,2,2,medium,moderate,factual,2,1
668,4,3,2,medium,moderate,factual,2,1
669,7,1,5,long,moderate,factual,4,1
669,4,2,4,long,moderate,factual,4,1
669,3,3,5,long,moderate,factual,4,1
670,5,1,4,medium,complex,technical,4,2
670,8,2,2,medium,complex,technical,4,2
670,11,3,5,medium,complex,technical,4,2
671,6,1,1,medium,moderate,factual,2,1
671,7,2,1,medium,moderate,factual,2,1
671,3,3,3,medium,moderate,factual,2,1
672,1,1,5,short,moderate,technical,4,1
672,7,2,3,short,moderate,technical,4,1
672,14,3,4,short,moderate,technical,4,1
673,3,1,5,medium,complex,technical,3,2
673,1,2,3,medium,complex,technical,3,2
673,15,3,3,medium,complex,technical,3,2
674,9,1,3,medium,moderate,factual,4,1
674,12,2,4,medium,moderate,factual,4,1
674,1,3,4,medium,moderate,factual,4,1
675,2,1,5,medium,moderate,technical,4,1
675,1,2,4,medium,moderate,technical,4,1
675,9,3,4,medium,moderate,technical,4,1
676,11,1,1,medium,moderate,technical,1,1
676,6,2,1,medium,moderate,technical,1,1
676,2,3,1,medium,moderate,technical,1,1
677,12,1,2,medium,simple,opinion,2,2
677,9,2,4,medium,simple,opinion,2,2
677,8,3,4,medium,simple,opinion,2,2
678,2,1,3,medium,moderate,technical,3,1
678,12,2,2,medium,moderate,technical,3,1
678,3,3,3,medium,moderate,technical,3,1
679,15,1,5,medium,moderate,factual,4,1
679,1,2,4,medium,moderate,factual,4,1
679,4,3,4,medium,moderate,factual,4,1
680,10,1,2,medium,simple,creative,2,1
680,4,2,2,medium,simple,creative,2,1
680,2,3,1,medium,simple,creative,2,1
681,15,1,1,medium,simple,technical,1,1
681,1,2,1,medium,simple,technical,1,1
681,10,3,1,medium,simple,technical,1,1
682,10,1,5,long,simple,creative,5,1
682,12,2,4,long,simple,creative,5,1
682,11,3,5,long,simple,creative,5,1
683,15,1,2,short,moderate,opinion,1,2
683,7,2,1,short,moderate,opinion,1,2
683,1,3,4,short,moderate,opinion,1,2
684,11,1,3,long,moderate,opinion,4,2
684,2,2,3,long,moderate,opinion,4,2
684,10,3,4,long,moderate,opinion,4,2
685,7,1,1,medium,moderate,factual,1,1
685,6,2,1,medium,moderate,factual,1,1
685,3,3,1,medium,moderate,factual,1,1
686,11,1,3,long,moderate,opinion,2,2
686,6,2,3,long,moderate,opinion,2,2
686,12,3,3,long,moderate,opinion,2,2
687,8,1,4,medium,moderate,factual,4,1
687,2,2,4,medium,moderate,factual,4,1
687,12,3,4,medium,moderate,factual,4,1
688,1,1,3,medium,moderate,factual,4,1
688,11,2,5,medium,moderate,factual,4,1
688,5,3,4,medium,moderate,factual,4,1
689,4,1,2,short,complex,creative,3,2
689,15,2,3,short,complex,creative,3,2
689,1,3,2,short,complex,creative,3,2
690,6,1,3,short,complex,creative,4,2
690,14,2,5,short,complex,creative,4,2
690,11,3,5,short,complex,creative,4,2
691,12,1,4,short,moderate,technical,5,1
691,11,2,5,short,moderate,technical,5,1
691,5,3,5,short,moderate,technical,5,1
692,8,1,4,medium,moderate,factual,5,1
692,2,2,5,medium,moderate,factual,5,1
692,5,3,5,medium,moderate,factual,5,1
693,2,1,5,long,moderate,factual,5,1
693,15,2,5,long,moderate,factual,5,1
693,6,3,4,long,moderate,factual,5,1
694,12,1,5,long,simple,technical,5,1
694,1,2,5,long,simple,technical,5,1
694,14,3,5,long,simple,technical,5,1
695,14,1,3,medium,moderate,factual,3,1
695,6,2,2,medium,moderate,factual,3,1
695,8,3,4,medium,moderate,factual,3,1
696,5,1,2,short,simple,factual,2,1
696,6,2,1,short,simple,factual,2,1
696,7,3,2,short,simple,factual,2,1
697,11,1,3,short,simple,opinion,1,2
697,10,2,3,short,simple,opinion,1,2
697,15,3,1,short,simple,opinion,1,2
698,15,1,2,long,moderate,technical,1,1
698,13,2,1,long,moderate,technical,1,1
698,14,3,1,long,moderate,technical,1,1
699,6,1,1,long,simple,technical,2,1
699,2,2,2,long,simple,technical,2,1
699,7,3,2,long,simple,technical,2,1
700,5,1,1,medium,moderate,creative,1,1
700,2,2,1,medium,moderate,creative,1,1
700,7,3,1,medium,moderate,creative,1,1
701,5,1,4,short,moderate,technical,3,1
701,8,2,3,short,moderate,technical,3,1
701,3,3,4,short,moderate,technical,3,1
702,14,1,2,short,moderate,opinion,2,2
702,9,2,1,short,moderate,opinion,2,2
702,6,3,2,short,moderate,opinion,2,2
703,1,1,4,medium,complex,technical,4,2
703,11,2,2,medium,complex,technical,4,2
703,8,3,4,medium,complex,technical,4,2
704,1,1,4,short,moderate,technical,3,1
704,5,2,3,short,moderate,technical,3,1
704,15,3,3,short,moderate,technical,3,1
705,12,1,5,short,moderate,opinion,4,2
705,14,2,3,short,moderate,opinion,4,2
705,10,3,5,short,moderate,opinion,4,2
706,15,1,5,short,complex,opinion,4,3
706,12,2,2,short,complex,opinion,4,3
706,4,3,4,short,complex,opinion,4,3
707,1,1,2,medium,moderate,technical,2,1
707,7,2,1,medium,moderate,technical,2,1
707,15,3,2,medium,moderate,technical,2,1
708,7,1,2,medium,moderate,factual,2,1
708,9,2,3,medium,moderate,factual,2,1
708,2,3,2,medium,moderate,factual,2,1
709,3,1,2,medium,complex,opinion,1,3
709,6,2,1,medium,complex,opinion,1,3
709,15,3,1,medium,complex,opinion,1,3
710,12,1,2,short,simple,opinion,1,2
710,3,2,1,short,simple,opinion,1,2
710,7,3,1,short,simple,opinion,1,2
711,13,1,4,long,moderate,opinion,3,2
711,7,2,3,long,moderate,opinion,3,2
711,6,3,3,long,moderate,opinion,3,2
712,14,1,5,long,simple,technical,5,1
712,7,2,4,long,simple,technical,5,1
712,13,3,5,long,simple,technical,5,1
713,14,1,5,medium,simple,factual,4,1
713,8,2,4,medium,simple,factual,4,1
713,6,3,3,medium,simple,factual,4,1
714,5,1,1,short,simple,factual,1,1
714,3,2,2,short,simple,factual,1,1
714,4,3,1,short,simple,factual,1,1
715,15,1,1,short,moderate,technical,1,1
715,4,2,1,short,moderate,technical,1,1
715,9,3,2,short,moderate,technical,1,1
716,15,1,5,short,moderate,creative,5,1
716,11,2,5,short,moderate,creative,5,1
716,12,3,5,short,moderate,creative,5,1
717,7,1,5,medium,simple,factual,5,1
717,3,2,5,medium,simple,factual,5,1
717,14,3,5,medium,simple,factual,5,1
718,8,1,3,medium,moderate,technical,4,1
718,11,2,5,medium,moderate,technical,4,1
718,7,3,3,medium,moderate,technical,4,1
719,1,1,5,medium,moderate,opinion,5,2
719,14,2,5,medium,moderate,opinion,5,2
719,10,3,5,medium,moderate,opinion,5,2
720,2,1,2,short,simple,technical,2,1
720,8,2,1,short,simple,technical,2,1
720,9,3,1,short,simple,technical,2,1
721,10,1,5,medium,complex,factual,2,2
721,5,2,1,medium,complex,factual,2,2
721,6,3,2,medium,complex,factual,2,2
722,4,1,4,short,complex,factual,4,2
722,14,2,4,short,complex,factual,4,2
722,6,3,3,short,complex,factual,4,2
723,15,1,5,medium,complex,creative,5,2
723,4,2,5,medium,complex,creative,5,2
723,9,3,5,medium,complex,creative,5,2
724,11,1,5,medium,moderate,creative,5,1
724,3,2,5,medium,moderate,creative,5,1
724,14,3,5,medium,moderate,creative,5,1
725,1,1,4,medium,complex,creative,4,2
725,7,2,3,medium,complex,creative,4,2
725,10,3,5,medium,complex,creative,4,2
726,12,1,1,long,moderate,factual,1,1
726,5,2,1,long,moderate,factual,1,1
726,10,3,2,long,moderate,factual,1,1
727,12,1,5,medium,complex,factual,5,2
727,8,2,5,medium,complex,factual,5,2
727,3,3,5,medium,complex,factual,5,2
728,6,1,3,medium,simple,opinion,4,2
728,12,2,3,medium,simple,opinion,4,2
728,8,3,4,medium,simple,opinion,4,2
729,8,1,5,medium,moderate,factual,5,1
729,10,2,5,medium,moderate,factual,5,1
729,4,3,4,medium,moderate,factual,5,1
730,7,1,2,short,moderate,creative,4,1
730,13,2,5,short,moderate,creative,4,1
730,9,3,5,short,moderate,creative,4,1
731,5,1,2,medium,moderate,factual,1,1
731,2,2,1,medium,moderate,factual,1,1
731,9,3,1,medium,moderate,factual,1,1
732,3,1,5,long,complex,creative,5,2
732,10,2,5,long,complex,creative,5,2
732,9,3,5,long,complex,creative,5,2
733,7,1,4,long,simple,technical,4,1
733,9,2,4,long,simple,technical,4,1
733,5,3,5,long,simple,technical,4,1
734,2,1,3,long,moderate,creative,3,1
734,13,2,4,long,moderate,creative,3,1
734,10,3,3,long,moderate,creative,3,1
735,9,1,4,medium,simple,technical,5,1
735,5,2,5,medium,simple,technical,5,1
735,3,3,5,medium,simple,technical,5,1
736,1,1,5,medium,moderate,creative,4,1
736,11,2,4,medium,moderate,creative,4,1
736,14,3,5,medium,moderate,creative,4,1
737,14,1,2,medium,moderate,technical,2,1
737,11,2,3,medium,moderate,technical,2,1
737,7,3,1,medium,moderate,technical,2,1
738,9,1,1,short,simple,opinion,2,2
738,11,2,1,short,simple,opinion,2,2
738,10,3,2,short,simple,opinion,2,2
739,9,1,4,short,simple,factual,5,1
739,3,2,4,short,simple,factual,5,1
739,6,3,5,short,simple,factual,5,1
740,5,1,1,long,moderate,technical,1,1
740,3,2,1,long,moderate,technical,1,1
740,4,3,2,long,moderate,technical,1,1
741,1,1,3,long,complex,technical,3,2
741,12,2,3,long,complex,technical,3,2
741,6,3,2,long,complex,technical,3,2
742,9,1,3,short,moderate,factual,1,1
742,14,2,1,short,moderate,factual,1,1
742,6,3,1,short,moderate,factual,1,1
743,5,1,1,short,moderate,technical,1,1
743,15,2,1,short,moderate,technical,1,1
743,3,3,1,short,moderate,technical,1,1
744,5,1,4,long,moderate,technical,4,1
744,4,2,3,long,moderate,technical,4,1
744,12,3,4,long,moderate,technical,4,1
745,15,1,2,long,complex,factual,1,2
745,6,2,1,long,complex,factual,1,2
745,14,3,1,long,complex,factual,1,2
746,3,1,4,medium,moderate,opinion,5,2
746,13,2,5,medium,moderate,opinion,5,2
746,9,3,5,medium,moderate,opinion,5,2
747,8,1,1,medium,moderate,opinion,1,2
747,11,2,5,medium,moderate,opinion,1,2
747,6,3,1,medium,moderate,opinion,1,2
748,7,1,5,short,complex,factual,5,2
748,1,2,5,short,complex,factual,5,2
748,9,3,5,short,complex,factual,5,2
749,2,1,1,long,complex,technical,2,2
749,11,2,2,long,complex,technical,2,2
749,5,3,1,long,complex,technical,2,2
750,9,1,4,medium,moderate,opinion,5,2
750,5,2,5,medium,moderate,opinion,5,2
750,8,3,5,medium,moderate,opinion,5,2
751,3,1,5,medium,moderate,technical,5,1
751,2,2,5,medium,moderate,technical,5,1
751,5,3,5,medium,moderate,technical,5,1
752,10,1,5,medium,complex,technical,4,2
752,9,2,2,medium,complex,technical,4,2
752,3,3,5,medium,complex,technical,4,2
753,3,1,3,medium,moderate,technical,3,1
753,2,2,3,medium,moderate,technical,3,1
753,7,3,3,medium,moderate,technical,3,1
754,2,1,4,medium,complex,opinion,4,3
754,5,2,2,medium,complex,opinion,4,3
754,10,3,5,medium,complex,opinion,4,3
755,6,1,1,medium,simple,opinion,1,2
755,14,2,1,medium,simple,opinion,1,2
755,1,3,1,medium,simple,opinion,1,2
756,1,1,1,medium,moderate,technical,1,1
756,6,2,1,medium,moderate,technical,1,1
756,2,3,2,medium,moderate,technical,1,1
757,15,1,2,short,simple,opinion,1,2
757,6,2,2,short,simple,opinion,1,2
757,7,3,1,short,simple,opinion,1,2
758,8,1,1,medium,moderate,technical,1,1
758,9,2,1,medium,moderate,technical,1,1
758,7,3,1,medium,moderate,technical,1,1
759,10,1,3,long,moderate,technical,2,1
759,4,2,3,long,moderate,technical,2,1
759,14,3,2,long,moderate,technical,2,1
760,4,1,4,long,complex,factual,5,2
760,10,2,4,long,complex,factual,5,2
760,2,3,5,long,complex,factual,5,2
761,10,1,4,long,moderate,creative,3,1
761,7,2,1,long,moderate,creative,3,1
761,15,3,3,long,moderate,creative,3,1
762,14,1,2,short,moderate,technical,2,1
762,9,2,3,short,moderate,technical,2,1
762,12,3,2,short,moderate,technical,2,1
763,9,1,3,medium,simple,technical,2,1
763,3,2,2,medium,simple,technical,2,1
763,4,3,2,medium,simple,technical,2,1
764,2,1,1,medium,moderate,factual,1,1
764,7,2,2,medium,moderate,factual,1,1
764,13,3,1,medium,moderate,factual,1,1
765,5,1,2,short,simple,technical,2,1
765,8,2,2,short,simple,technical,2,1
765,9,3,1,short,simple,technical,2,1
766,7,1,2,short,simple,factual,2,1
766,6,2,1,short,simple,factual,2,1
766,9,3,4,short,simple,factual,2,1
767,10,1,5,long,moderate,creative,4,1
767,3,2,5,long,moderate,creative,4,1
767,9,3,4,long,moderate,creative,4,1
768,2,1,5,medium,moderate,creative,5,1
768,10,2,5,medium,moderate,creative,5,1
768,9,3,4,medium,moderate,creative,5,1
769,10,1,3,medium,moderate,creative,2,1
769,12,2,3,medium,moderate,creative,2,1
769,14,3,1,medium,moderate,creative,2,1
770,9,1,5,short,simple,creative,5,1
770,5,2,5,short,simple,creative,5,1
770,1,3,5,short,simple,creative,5,1
771,11,1,4,medium,simple,factual,4,1
771,9,2,4,medium,simple,factual,4,1
771,3,3,4,medium,simple,factual,4,1
772,10,1,2,medium,complex,creative,2,2
772,4,2,1,medium,complex,creative,2,2
772,5,3,3,medium,complex,creative,2,2
773,14,1,2,medium,complex,factual,3,2
773,8,2,3,medium,complex,factual,3,2
773,13,3,3,medium,complex,factual,3,2
774,2,1,3,medium,complex,factual,3,2
774,12,2,2,medium,complex,factual,3,2
774,1,3,3,medium,complex,factual,3,2
775,13,1,5,short,complex,factual,4,2
775,1,2,5,short,complex,factual,4,2
775,12,3,4,short,complex,factual,4,2
776,14,1,3,medium,moderate,opinion,3,2
776,3,2,3,medium,moderate,opinion,3,2
776,4,3,4,medium,moderate,opinion,3,2
777,8,1,4,long,complex,factual,4,2
777,3,2,4,long,complex,factual,4,2
777,11,3,5,long,complex,factual,4,2
778,11,1,2,long,moderate,opinion,2,2
778,8,2,2,long,moderate,opinion,2,2
778,4,3,2,long,moderate,opinion,2,2
779,4,1,2,short,simple,factual,2,1
779,2,2,2,short,simple,factual,2,1
779,10,3,2,short,simple,factual,2,1
780,13,1,5,long,moderate,opinion,5,2
780,1,2,5,long,moderate,opinion,5,2
780,10,3,5,long,moderate,opinion,5,2
781,2,1,1,short,moderate,opinion,1,2
781,11,2,1,short,moderate,opinion,1,2
781,4,3,1,short,moderate,opinion,1,2
782,2,1,4,short,moderate,technical,5,1
782,9,2,5,short,moderate,technical,5,1
782,7,3,5,short,moderate,technical,5,1
783,10,1,2,medium,simple,technical,1,1
783,15,2,1,medium,simple,technical,1,1
783,13,3,1,medium,simple,technical,1,1
784,14,1,2,medium,moderate,factual,3,1
784,8,2,3,medium,moderate,factual,3,1
784,7,3,3,medium,moderate,factual,3,1
785,15,1,5,short,moderate,opinion,5,2
785,6,2,5,short,moderate,opinion,5,2
785,12,3,5,short,moderate,opinion,5,2
786,14,1,3,medium,moderate,opinion,3,2
786,10,2,5,medium,moderate,opinion,3,2
786,6,3,4,medium,moderate,opinion,3,2
787,7,1,3,medium,complex,technical,3,2
787,4,2,4,medium,complex,technical,3,2
787,8,3,2,medium,complex,technical,3,2
788,10,1,4,short,complex,factual,4,2
788,7,2,3,short,complex,factual,4,2
788,5,3,2,short,complex,factual,4,2
789,10,1,3,medium,moderate,opinion,2,2
789,9,2,2,medium,moderate,opinion,2,2
789,11,3,3,medium,moderate,opinion,2,2
790,11,1,5,medium,moderate,factual,4,1
790,4,2,5,medium,moderate,factual,4,1
790,10,3,4,medium,moderate,factual,4,1
791,2,1,3,long,complex,technical,3,2
791,7,2,4,long,complex,technical,3,2
791,13,3,2,long,complex,technical,3,2
792,6,1,1,medium,simple,opinion,2,2
792,5,2,2,medium,simple,opinion,2,2
792,10,3,1,medium,simple,opinion,2,2
793,11,1,5,short,simple,factual,5,1
793,1,2,5,short,simple,factual,5,1
793,9,3,5,short,simple,factual,5,1
794,13,1,5,medium,complex,technical,4,2
794,4,2,4,medium,complex,technical,4,2
794,2,3,4,medium,complex,technical,4,2
795,9,1,4,short,moderate,opinion,5,2
795,12,2,5,short,moderate,opinion,5,2
795,13,3,5,short,moderate,opinion,5,2
796,5,1,4,medium,moderate,technical,3,1
796,12,2,2,medium,moderate,technical,3,1
796,3,3,3,medium,moderate,technical,3,1
797,4,1,5,medium,simple,opinion,5,2
797,11,2,5,medium,simple,opinion,5,2
797,7,3,3,medium,simple,opinion,5,2
798,5,1,1,medium,moderate,factual,1,1
798,9,2,1,medium,moderate,factual,1,1
798,14,3,1,medium,moderate,factual,1,1
799,3,1,1,long,simple,factual,1,1
799,9,2,1,long,simple,factual,1,1
799,14,3,1,long,simple,factual,1,1
800,15,1,3,medium,moderate,technical,3,1
800,4,2,3,medium,moderate,technical,3,1
800,13,3,3,medium,moderate,technical,3,1
801,8,1,1,long,simple,creative,2,1
801,11,2,3,long,simple,creative,2,1
801,14,3,2,long,simple,creative,2,1
802,10,1,1,long,moderate,creative,2,1
802,14,2,3,long,moderate,creative,2,1
802,7,3,1,long,moderate,creative,2,1
803,6,1,1,medium,moderate,factual,1,1
803,14,2,1,medium,moderate,factual,1,1
803,10,3,1,medium,moderate,factual,1,1
804,15,1,2,short,simple,creative,1,1
804,4,2,2,short,simple,creative,1,1
804,1,3,1,short,simple,creative,1,1
805,6,1,4,short,complex,technical,4,2
805,4,2,5,short,complex,technical,4,2
805,9,3,3,short,complex,technical,4,2
806,10,1,5,medium,complex,factual,4,2
806,13,2,4,medium,complex,factual,4,2
806,1,3,4,medium,complex,factual,4,2
807,3,1,5,short,moderate,technical,5,1
807,15,2,5,short,moderate,technical,5,1
807,1,3,5,short,moderate,technical,5,1
808,13,1,5,medium,moderate,factual,4,1
808,9,2,5,medium,moderate,factual,4,1
808,8,3,5,medium,moderate,factual,4,1
809,15,1,4,medium,simple,technical,3,1
809,9,2,3,medium,simple,technical,3,1
809,8,3,2,medium,simple,technical,3,1
810,6,1,3,short,complex,factual,4,2
810,2,2,4,short,complex,factual,4,2
810,4,3,5,short,complex,factual,4,2
811,13,1,1,medium,moderate,creative,1,1
811,7,2,1,medium,moderate,creative,1,1
811,6,3,1,medium,moderate,creative,1,1
812,4,1,4,long,moderate,technical,3,1
812,10,2,4,long,moderate,technical,3,1
812,14,3,3,long,moderate,technical,3,1
813,14,1,2,medium,complex,factual,4,2
813,2,2,5,medium,complex,factual,4,2
813,13,3,4,medium,complex,factual,4,2
814,4,1,2,short,complex,creative,3,2
814,7,2,3,short,complex,creative,3,2
814,5,3,3,short,complex,creative,3,2
815,2,1,5,short,complex,technical,4,2
815,6,2,2,short,complex,technical,4,2
815,10,3,5,short,complex,technical,4,2
816,10,1,1,short,complex,factual,1,2
816,7,2,1,short,complex,factual,1,2
816,6,3,1,short,complex,factual,1,2
817,10,1,5,long,complex,creative,4,2
817,12,2,3,long,complex,creative,4,2
817,3,3,4,long,complex,creative,4,2
818,10,1,5,medium,moderate,creative,5,1
818,13,2,5,medium,moderate,creative,5,1
818,7,3,5,medium,moderate,creative,5,1
819,14,1,1,medium,moderate,factual,1,1
819,7,2,1,medium,moderate,factual,1,1
819,5,3,1,medium,moderate,factual,1,1
820,7,1,5,short,simple,creative,5,1
820,10,2,5,short,simple,creative,5,1
820,5,3,5,short,simple,creative,5,1
821,2,1,4,medium,complex,factual,3,2
821,15,2,5,medium,complex,factual,3,2
821,3,3,3,medium,complex,factual,3,2
822,7,1,4,short,simple,opinion,4,2
822,14,2,4,short,simple,opinion,4,2
822,8,3,2,short,simple,opinion,4,2
823,3,1,3,medium,complex,technical,3,2
823,9,2,2,medium,complex,technical,3,2
823,12,3,4,medium,complex,technical,3,2
824,10,1,2,medium,moderate,technical,2,1
824,9,2,2,medium,moderate,technical,2,1
824,7,3,1,medium,moderate,technical,2,1
825,11,1,2,medium,simple,technical,2,1
825,8,2,2,medium,simple,technical,2,1
825,6,3,2,medium,simple,technical,2,1
826,5,1,1,long,moderate,creative,1,1
826,11,2,2,long,moderate,creative,1,1
826,10,3,2,long,moderate,creative,1,1
827,1,1,5,medium,complex,factual,4,2
827,8,2,3,medium,complex,factual,4,2
827,4,3,5,medium,complex,factual,4,2
828,14,1,3,medium,moderate,factual,3,1
828,2,2,3,medium,moderate,factual,3,1
828,10,3,2,medium,moderate,factual,3,1
829,10,1,5,medium,simple,technical,5,1
829,4,2,5,medium,simple,technical,5,1
829,6,3,3,medium,simple,technical,5,1
830,6,1,4,medium,simple,technical,4,1
830,8,2,3,medium,simple,technical,4,1
830,3,3,5,medium,simple,technical,4,1
831,12,1,2,medium,moderate,creative,2,1
831,14,2,3,medium,moderate,creative,2,1
831,5,3,3,medium,moderate,creative,2,1
832,10,1,5,medium,simple,technical,4,1
832,9,2,3,medium,simple,technical,4,1
832,14,3,4,medium,simple,technical,4,1
833,5,1,3,medium,moderate,technical,2,1
833,11,2,2,medium,moderate,technical,2,1
833,4,3,1,medium,moderate,technical,2,1
834,13,1,5,medium,moderate,technical,4,1
834,8,2,3,medium,moderate,technical,4,1
834,14,3,4,medium,moderate,technical,4,1
835,14,1,4,short,complex,technical,4,2
835,4,2,4,short,complex,technical,4,2
835,7,3,2,short,complex,technical,4,2
836,11,1,5,short,complex,technical,4,2
836,12,2,4,short,complex,technical,4,2
836,15,3,4,short,complex,technical,4,2
837,2,1,3,medium,complex,opinion,2,3
837,15,2,1,medium,complex,opinion,2,3
837,14,3,1,medium,complex,opinion,2,3
838,15,1,2,short,complex,creative,1,2
838,8,2,1,short,complex,creative,1,2
838,6,3,1,short,complex,creative,1,2
839,11,1,3,long,moderate,opinion,3,2
839,9,2,3,long,moderate,opinion,3,2
839,8,3,4,long,moderate,opinion,3,2
840,10,1,4,medium,simple,technical,3,1
840,5,2,2,medium,simple,technical,3,1
840,12,3,3,medium,simple,technical,3,1
841,3,1,3,short,simple,opinion,5,2
841,2,2,5,short,simple,opinion,5,2
841,10,3,4,short,simple,opinion,5,2
842,6,1,2,long,complex,factual,3,2
842,2,2,3,long,complex,factual,3,2
842,14,3,4,long,complex,factual,3,2
843,13,1,1,medium,moderate,technical,1,1
843,9,2,1,medium,moderate,technical,1,1
843,14,3,1,medium,moderate,technical,1,1
844,4,1,2,short,simple,creative,2,1
844,13,2,2,short,simple,creative,2,1
844,1,3,1,short,simple,creative,2,1
845,5,1,1,short,moderate,factual,1,1
845,13,2,2,short,moderate,factual,1,1
845,11,3,1,short,moderate,factual,1,1
846,12,1,3,medium,complex,creative,3,2
846,7,2,1,medium,complex,creative,3,2
846,6,3,2,medium,complex,creative,3,2
847,13,1,4,medium,complex,technical,4,2
847,1,2,5,medium,complex,technical,4,2
847,15,3,3,medium,complex,technical,4,2
848,1,1,2,medium,simple,factual,3,1
848,10,2,4,medium,simple,factual,3,1
848,7,3,1,medium,simple,factual,3,1
849,7,1,3,long,complex,factual,4,2
849,8,2,5,long,complex,factual,4,2
849,11,3,4,long,complex,factual,4,2
850,12,1,3,medium,simple,creative,3,1
850,6,2,3,medium,simple,creative,3,1
850,11,3,3,medium,simple,creative,3,1
851,1,1,2,short,simple,technical,3,1
851,12,2,3,short,simple,technical,3,1
851,10,3,3,short,simple,technical,3,1
852,4,1,4,short,moderate,opinion,3,2
852,6,2,3,short,moderate,opinion,3,2
852,10,3,3,short,moderate,opinion,3,2
853,10,1,2,medium,moderate,technical,2,1
853,14,2,2,medium,moderate,technical,2,1
853,13,3,2,medium,moderate,technical,2,1
854,7,1,1,medium,simple,opinion,2,2
854,13,2,1,medium,simple,opinion,2,2
854,8,3,2,medium,simple,opinion,2,2
855,15,1,3,short,moderate,technical,2,1
855,12,2,2,short,moderate,technical,2,1
855,10,3,2,short,moderate,technical,2,1
856,9,1,3,medium,simple,factual,2,1
856,13,2,2,medium,simple,factual,2,1
856,10,3,2,medium,simple,factual,2,1
857,10,1,4,short,moderate,factual,3,1
857,11,2,3,short,moderate,factual,3,1
857,6,3,1,short,moderate,factual,3,1
858,8,1,3,long,simple,creative,4,1
858,10,2,5,long,simple,creative,4,1
858,9,3,3,long,simple,creative,4,1
859,14,1,4,medium,simple,technical,3,1
859,12,2,4,medium,simple,technical,3,1
859,2,3,3,medium,simple,technical,3,1
860,13,1,5,long,complex,opinion,3,3
860,12,2,2,long,complex,opinion,3,3
860,10,3,4,long,complex,opinion,3,3
861,10,1,4,long,complex,factual,4,2
861,6,2,3,long,complex,factual,4,2
861,15,3,4,long,complex,factual,4,2
862,12,1,2,short,simple,technical,2,1
862,6,2,2,short,simple,technical,2,1
862,3,3,2,short,simple,technical,2,1
863,4,1,3,medium,simple,technical,3,1
863,14,2,3,medium,simple,technical,3,1
863,8,3,3,medium,simple,technical,3,1
864,1,1,3,medium,moderate,creative,3,1
864,8,2,3,medium,moderate,creative,3,1
864,9,3,3,medium,moderate,creative,3,1
865,2,1,5,medium,complex,opinion,5,3
865,8,2,3,medium,complex,opinion,5,3
865,13,3,5,medium,complex,opinion,5,3
866,14,1,4,long,simple,opinion,4,2
866,15,2,3,long,simple,opinion,4,2
866,6,3,5,long,simple,opinion,4,2
867,10,1,2,medium,moderate,technical,1,1
867,11,2,1,medium,moderate,technical,1,1
867,13,3,3,medium,moderate,technical,1,1
868,12,1,5,medium,complex,technical,5,2
868,15,2,5,medium,complex,technical,5,2
868,4,3,5,medium,complex,technical,5,2
869,8,1,4,medium,complex,creative,2,2
869,12,2,1,medium,complex,creative,2,2
869,2,3,1,medium,complex,creative,2,2
870,13,1,5,medium,simple,creative,5,1
870,1,2,5,medium,simple,creative,5,1
870,2,3,5,medium,simple,creative,5,1
871,4,1,2,long,moderate,opinion,2,2
871,3,2,2,long,moderate,opinion,2,2
871,12,3,2,long,moderate,opinion,2,2
872,2,1,4,long,complex,opinion,4,3
872,9,2,5,long,complex,opinion,4,3
872,5,3,5,long,complex,opinion,4,3
873,8,1,1,medium,complex,technical,1,2
873,1,2,1,medium,complex,technical,1,2
873,4,3,1,medium,complex,technical,1,2
874,2,1,2,long,complex,technical,2,2
874,15,2,2,long,complex,technical,2,2
874,4,3,1,long,complex,technical,2,2
875,7,1,4,medium,simple,creative,5,1
875,9,2,4,medium,simple,creative,5,1
875,1,3,5,medium,simple,creative,5,1
876,2,1,5,short,moderate,factual,5,1
876,6,2,4,short,moderate,factual,5,1
876,12,3,4,short,moderate,factual,5,1
877,13,1,5,medium,moderate,creative,5,1
877,14,2,5,medium,moderate,creative,5,1
877,2,3,4,medium,moderate,creative,5,1
878,5,1,4,medium,moderate,opinion,4,2
878,1,2,5,medium,moderate,opinion,4,2
878,13,3,4,medium,moderate,opinion,4,2
879,8,1,1,long,moderate,factual,2,1
879,4,2,2,long,moderate,factual,2,1
879,7,3,2,long,moderate,factual,2,1
880,9,1,2,short,moderate,factual,2,1
880,7,2,1,short,moderate,factual,2,1
880,10,3,3,short,moderate,factual,2,1
881,7,1,3,long,moderate,creative,2,1
881,13,2,2,long,moderate,creative,2,1
881,10,3,2,long,moderate,creative,2,1
882,10,1,5,short,simple,factual,5,1
882,9,2,5,short,simple,factual,5,1
882,13,3,5,short,simple,factual,5,1
883,11,1,4,short,moderate,opinion,4,2
883,4,2,4,short,moderate,opinion,4,2
883,10,3,5,short,moderate,opinion,4,2
884,11,1,1,short,moderate,factual,2,1
884,6,2,1,short,moderate,factual,2,1
884,13,3,2,short,moderate,factual,2,1
885,4,1,3,long,simple,creative,4,1
885,7,2,3,long,simple,creative,4,1
885,11,3,4,long,simple,creative,4,1
886,1,1,1,medium,complex,factual,2,2
886,15,2,3,medium,complex,factual,2,2
886,3,3,2,medium,complex,factual,2,2
887,7,1,1,medium,complex,factual,1,2
887,5,2,1,medium,complex,factual,1,2
887,12,3,3,medium,complex,factual,1,2
888,12,1,4,medium,moderate,technical,3,1
888,3,2,3,medium,moderate,technical,3,1
888,13,3,4,medium,moderate,technical,3,1
889,10,1,4,long,moderate,creative,3,1
889,8,2,3,long,moderate,creative,3,1
889,3,3,3,long,moderate,creative,3,1
890,14,1,3,long,simple,factual,2,1
890,12,2,2,long,simple,factual,2,1
890,10,3,3,long,simple,factual,2,1
891,7,1,3,medium,complex,factual,4,2
891,4,2,5,medium,complex,factual,4,2
891,15,3,5,medium,complex,factual,4,2
892,10,1,5,medium,simple,factual,5,1
892,8,2,4,medium,simple,factual,5,1
892,4,3,5,medium,simple,factual,5,1
893,14,1,3,short,moderate,technical,3,1
893,11,2,3,short,moderate,technical,3,1
893,13,3,3,short,moderate,technical,3,1
894,3,1,4,medium,moderate,technical,5,1
894,5,2,5,medium,moderate,technical,5,1
894,10,3,5,medium,moderate,technical,5,1
895,10,1,2,medium,moderate,technical,1,1
895,4,2,2,medium,moderate,technical,1,1
895,8,3,1,medium,moderate,technical,1,1
896,2,1,4,long,moderate,opinion,5,2
896,4,2,4,long,moderate,opinion,5,2
896,1,3,4,long,moderate,opinion,5,2
897,3,1,3,medium,simple,technical,3,1
897,14,2,3,medium,simple,technical,3,1
897,13,3,4,medium,simple,technical,3,1
898,15,1,5,medium,moderate,technical,5,1
898,2,2,5,medium,moderate,technical,5,1
898,6,3,4,medium,moderate,technical,5,1
899,1,1,1,short,moderate,opinion,1,2
899,15,2,1,short,moderate,opinion,1,2
899,8,3,1,short,moderate,opinion,1,2
900,6,1,4,short,moderate,opinion,4,2
900,9,2,3,short,moderate,opinion,4,2
900,14,3,4,short,moderate,opinion,4,2
901,14,1,4,medium,simple,technical,4,1
901,6,2,4,medium,simple,technical,4,1
901,2,3,3,medium,simple,technical,4,1
902,7,1,5,medium,simple,factual,5,1
902,4,2,5,medium,simple,factual,5,1
902,1,3,5,medium,simple,factual,5,1
903,5,1,1,medium,simple,factual,2,1
903,9,2,1,medium,simple,factual,2,1
903,11,3,1,medium,simple,factual,2,1
904,8,1,5,medium,complex,opinion,5,3
904,12,2,5,medium,complex,opinion,5,3
904,6,3,5,medium,complex,opinion,5,3
905,12,1,3,short,moderate,creative,3,1
905,6,2,3,short,moderate,creative,3,1
905,1,3,4,short,moderate,creative,3,1
906,15,1,2,long,simple,creative,2,1
906,4,2,1,long,simple,creative,2,1
906,7,3,1,long,simple,creative,2,1
907,2,1,1,medium,moderate,technical,1,1
907,13,2,1,medium,moderate,technical,1,1
907,5,3,1,medium,moderate,technical,1,1
908,14,1,5,medium,complex,factual,4,2
908,5,2,5,medium,complex,factual,4,2
908,3,3,4,medium,complex,factual,4,2
909,12,1,3,short,moderate,opinion,2,2
909,10,2,2,short,moderate,opinion,2,2
909,13,3,2,short,moderate,opinion,2,2
910,2,1,4,medium,simple,technical,5,1
910,10,2,5,medium,simple,technical,5,1
910,13,3,5,medium,simple,technical,5,1
911,4,1,3,medium,complex,factual,3,2
911,14,2,3,medium,complex,factual,3,2
911,15,3,5,medium,complex,factual,3,2
912,15,1,5,medium,moderate,creative,5,1
912,2,2,4,medium,moderate,creative,5,1
912,8,3,4,medium,moderate,creative,5,1
913,7,1,3,long,simple,factual,4,1
913,3,2,3,long,simple,factual,4,1
913,11,3,4,long,simple,factual,4,1
914,13,1,5,long,moderate,technical,5,1
914,5,2,5,long,moderate,technical,5,1
914,9,3,5,long,moderate,technical,5,1
915,1,1,3,short,simple,factual,2,1
915,8,2,3,short,simple,factual,2,1
915,2,3,2,short,simple,factual,2,1
916,8,1,4,short,moderate,creative,3,1
916,13,2,4,short,moderate,creative,3,1
916,15,3,3,short,moderate,creative,3,1
917,11,1,4,long,simple,factual,4,1
917,14,2,4,long,simple,factual,4,1
917,15,3,4,long,simple,factual,4,1
918,4,1,4,short,simple,creative,4,1
918,11,2,4,short,simple,creative,4,1
918,14,3,5,short,simple,creative,4,1
919,3,1,5,medium,simple,opinion,5,2
919,13,2,5,medium,simple,opinion,5,2
919,2,3,5,medium,simple,opinion,5,2
920,9,1,2,medium,complex,factual,2,2
920,4,2,2,medium,complex,factual,2,2
920,1,3,1,medium,complex,factual,2,2
921,12,1,1,short,simple,factual,1,1
921,2,2,1,short,simple,factual,1,1
921,9,3,2,short,simple,factual,1,1
922,4,1,5,long,simple,opinion,5,2
922,11,2,5,long,simple,opinion,5,2
922,15,3,4,long,simple,opinion,5,2
923,7,1,3,long,complex,factual,4,2
923,15,2,5,long,complex,factual,4,2
923,14,3,4,long,complex,factual,4,2
924,9,1,5,medium,moderate,factual,5,1
924,2,2,5,medium,moderate,factual,5,1
924,4,3,4,medium,moderate,factual,5,1
925,15,1,1,short,moderate,technical,1,1
925,5,2,1,short,moderate,technical,1,1
925,8,3,1,short,moderate,technical,1,1
926,6,1,2,long,simple,technical,4,1
926,11,2,5,long,simple,technical,4,1
926,13,3,3,long,simple,technical,4,1
927,11,1,4,medium,moderate,factual,4,1
927,1,2,4,medium,moderate,factual,4,1
927,10,3,5,medium,moderate,factual,4,1
928,9,1,2,medium,simple,creative,2,1
928,15,2,3,medium,simple,creative,2,1
928,13,3,4,medium,simple,creative,2,1
929,8,1,1,medium,complex,technical,1,2
929,11,2,1,medium,complex,technical,1,2
929,7,3,1,medium,complex,technical,1,2
930,15,1,2,medium,moderate,technical,2,1
930,2,2,4,medium,moderate,technical,2,1
930,7,3,1,medium,moderate,technical,2,1
931,4,1,5,medium,simple,technical,5,1
931,12,2,5,medium,simple,technical,5,1
931,3,3,5,medium,simple,technical,5,1
932,11,1,4,long,moderate,opinion,5,2
932,7,2,4,long,moderate,opinion,5,2
932,9,3,4,long,moderate,opinion,5,2
933,7,1,3,long,simple,creative,3,1
933,12,2,3,long,simple,creative,3,1
933,15,3,4,long,simple,creative,3,1
934,9,1,2,long,complex,opinion,4,3
934,4,2,5,long,complex,opinion,4,3
934,2,3,5,long,complex,opinion,4,3
935,12,1,5,short,moderate,technical,5,1
935,15,2,5,short,moderate,technical,5,1
935,1,3,5,short,moderate,technical,5,1
936,7,1,4,medium,moderate,factual,4,1
936,4,2,4,medium,moderate,factual,4,1
936,9,3,4,medium,moderate,factual,4,1
937,3,1,3,medium,moderate,technical,3,1
937,14,2,4,medium,moderate,technical,3,1
937,2,3,2,medium,moderate,technical,3,1
938,13,1,5,medium,complex,factual,4,2
938,8,2,4,medium,complex,factual,4,2
938,9,3,2,medium,complex,factual,4,2
939,9,1,2,medium,simple,factual,2,1
939,4,2,2,medium,simple,factual,2,1
939,14,3,2,medium,simple,factual,2,1
940,9,1,2,short,complex,opinion,3,3
940,6,2,2,short,complex,opinion,3,3
940,8,3,2,short,complex,opinion,3,3
941,9,1,1,medium,moderate,opinion,1,2
941,5,2,1,medium,moderate,opinion,1,2
941,13,3,2,medium,moderate,opinion,1,2
942,8,1,2,short,moderate,technical,2,1
942,3,2,2,short,moderate,technical,2,1
942,7,3,2,short,moderate,technical,2,1
943,2,1,2,medium,moderate,technical,3,1
943,8,2,2,medium,moderate,technical,3,1
943,4,3,3,medium,moderate,technical,3,1
944,1,1,4,medium,moderate,factual,4,1
944,5,2,4,medium,moderate,factual,4,1
944,3,3,5,medium,moderate,factual,4,1
945,9,1,5,short,complex,factual,5,2
945,11,2,5,short,complex,factual,5,2
945,8,3,5,short,complex,factual,5,2
946,11,1,4,medium,moderate,technical,4,1
946,12,2,3,medium,moderate,technical,4,1
946,3,3,5,medium,moderate,technical,4,1
947,7,1,4,medium,simple,technical,5,1
947,2,2,5,medium,simple,technical,5,1
947,3,3,5,medium,simple,technical,5,1
948,2,1,4,short,moderate,factual,4,1
948,11,2,5,short,moderate,factual,4,1
948,6,3,3,short,moderate,factual,4,1
949,11,1,3,short,simple,creative,2,1
949,5,2,4,short,simple,creative,2,1
949,2,3,2,short,simple,creative,2,1
950,10,1,5,medium,moderate,factual,5,1
950,5,2,5,medium,moderate,factual,5,1
950,13,3,4,medium,moderate,factual,5,1
951,10,1,3,medium,complex,creative,2,2
951,1,2,2,medium,complex,creative,2,2
951,12,3,4,medium,complex,creative,2,2
952,15,1,1,medium,complex,technical,1,2
952,14,2,1,medium,complex,technical,1,2
952,11,3,2,medium,complex,technical,1,2
953,2,1,3,medium,simple,factual,2,1
953,15,2,3,medium,simple,factual,2,1
953,3,3,3,medium,simple,factual,2,1
954,15,1,3,short,simple,factual,3,1
954,13,2,4,short,simple,factual,3,1
954,5,3,3,short,simple,factual,3,1
955,4,1,1,medium,complex,technical,1,2
955,11,2,1,medium,complex,technical,1,2
955,10,3,2,medium,complex,technical,1,2
956,12,1,3,short,moderate,technical,2,1
956,7,2,1,short,moderate,technical,2,1
956,8,3,1,short,moderate,technical,2,1
957,1,1,5,short,moderate,technical,5,1
957,12,2,5,short,moderate,technical,5,1
957,4,3,5,short,moderate,technical,5,1
958,9,1,5,long,simple,technical,5,1
958,11,2,5,long,simple,technical,5,1
958,1,3,5,long,simple,technical,5,1
959,3,1,5,short,moderate,creative,5,1
959,12,2,5,short,moderate,creative,5,1
959,1,3,5,short,moderate,creative,5,1
960,5,1,1,short,moderate,factual,2,1
960,1,2,2,short,moderate,factual,2,1
960,4,3,1,short,moderate,factual,2,1
961,13,1,5,medium,simple,opinion,3,2
961,5,2,2,medium,simple,opinion,3,2
961,12,3,3,medium,simple,opinion,3,2
962,2,1,2,short,moderate,opinion,3,2
962,1,2,5,short,moderate,opinion,3,2
962,9,3,3,short,moderate,opinion,3,2
963,3,1,2,medium,moderate,factual,1,1
963,14,2,1,medium,moderate,factual,1,1
963,15,3,1,medium,moderate,factual,1,1
964,13,1,1,long,complex,factual,1,2
964,6,2,1,long,complex,factual,1,2
964,2,3,1,long,complex,factual,1,2
965,10,1,4,medium,simple,technical,4,1
965,2,2,4,medium,simple,technical,4,1
965,13,3,5,medium,simple,technical,4,1
966,1,1,4,long,moderate,technical,4,1
966,10,2,5,long,moderate,technical,4,1
966,11,3,4,long,moderate,technical,4,1
967,11,1,5,medium,moderate,factual,5,1
967,15,2,5,medium,moderate,factual,5,1
967,10,3,5,medium,moderate,factual,5,1
968,6,1,4,medium,complex,factual,5,2
968,3,2,5,medium,complex,factual,5,2
968,8,3,1,medium,complex,factual,5,2
969,6,1,1,short,moderate,technical,1,1
969,12,2,1,short,moderate,technical,1,1
969,2,3,1,short,moderate,technical,1,1
970,12,1,2,medium,moderate,technical,1,1
970,2,2,1,medium,moderate,technical,1,1
970,11,3,2,medium,moderate,technical,1,1
971,12,1,4,medium,simple,opinion,5,2
971,4,2,5,medium,simple,opinion,5,2
971,2,3,5,medium,simple,opinion,5,2
972,5,1,1,medium,moderate,creative,1,1
972,9,2,2,medium,moderate,creative,1,1
972,4,3,1,medium,moderate,creative,1,1
973,8,1,5,short,complex,factual,5,2
973,13,2,4,short,complex,factual,5,2
973,11,3,5,short,complex,factual,5,2
974,9,1,1,short,moderate,opinion,1,2
974,14,2,1,short,moderate,opinion,1,2
974,8,3,1,short,moderate,opinion,1,2
975,12,1,5,medium,simple,factual,5,1
975,5,2,5,medium,simple,factual,5,1
975,15,3,5,medium,simple,factual,5,1
976,4,1,1,medium,complex,factual,2,2
976,13,2,2,medium,complex,factual,2,2
976,5,3,1,medium,complex,factual,2,2
977,3,1,1,medium,simple,creative,1,1
977,14,2,2,medium,simple,creative,1,1
977,2,3,1,medium,simple,creative,1,1
978,14,1,1,medium,complex,creative,3,2
978,5,2,1,medium,complex,creative,3,2
978,15,3,3,medium,complex,creative,3,2
979,6,1,4,short,simple,factual,4,1
979,12,2,5,short,simple,factual,4,1
979,2,3,5,short,simple,factual,4,1
980,3,1,5,medium,complex,creative,4,2
980,11,2,3,medium,complex,creative,4,2
980,6,3,3,medium,complex,creative,4,2
981,2,1,5,medium,simple,creative,5,1
981,15,2,5,medium,simple,creative,5,1
981,9,3,4,medium,simple,creative,5,1
982,11,1,4,medium,moderate,technical,4,1
982,4,2,3,medium,moderate,technical,4,1
982,1,3,4,medium,moderate,technical,4,1
983,3,1,5,medium,moderate,technical,5,1
983,13,2,5,medium,moderate,technical,5,1
983,4,3,4,medium,moderate,technical,5,1
984,1,1,4,short,moderate,creative,4,1
984,2,2,4,short,moderate,creative,4,1
984,7,3,3,short,moderate,creative,4,1
985,12,1,4,medium,moderate,creative,4,1
985,2,2,5,medium,moderate,creative,4,1
985,10,3,4,medium,moderate,creative,4,1
986,3,1,2,medium,moderate,opinion,3,2
986,12,2,2,medium,moderate,opinion,3,2
986,13,3,3,medium,moderate,opinion,3,2
987,6,1,1,long,simple,creative,1,1
987,3,2,1,long,simple,creative,1,1
987,5,3,1,long,simple,creative,1,1
988,3,1,5,medium,complex,technical,4,2
988,5,2,5,medium,complex,technical,4,2
988,15,3,3,medium,complex,technical,4,2
989,12,1,2,medium,simple,creative,3,1
989,13,2,3,medium,simple,creative,3,1
989,9,3,2,medium,simple,creative,3,1
990,6,1,4,long,complex,creative,3,2
990,1,2,2,long,complex,creative,3,2
990,9,3,3,long,complex,creative,3,2
991,8,1,1,short,complex,creative,1,2
991,1,2,2,short,complex,creative,1,2
991,9,3,2,short,complex,creative,1,2
992,1,1,4,medium,simple,factual,3,1
992,3,2,4,medium,simple,factual,3,1
992,8,3,3,medium,simple,factual,3,1
993,5,1,1,long,moderate,opinion,1,2
993,1,2,1,long,moderate,opinion,1,2
993,4,3,1,long,moderate,opinion,1,2
994,13,1,1,long,simple,technical,1,1
994,7,2,2,long,simple,technical,1,1
994,11,3,1,long,simple,technical,1,1
995,12,1,5,medium,simple,technical,5,1
995,6,2,4,medium,simple,technical,5,1
995,2,3,5,medium,simple,technical,5,1
996,15,1,3,medium,moderate,creative,4,1
996,14,2,5,medium,moderate,creative,4,1
996,7,3,2,medium,moderate,creative,4,1
997,1,1,4,short,moderate,factual,5,1
997,14,2,5,short,moderate,factual,5,1
997,9,3,5,short,moderate,factual,5,1
998,4,1,2,medium,moderate,opinion,3,2
998,10,2,3,medium,moderate,opinion,3,2
998,9,3,3,medium,moderate,opinion,3,2
999,7,1,2,medium,moderate,factual,2,1
999,10,2,2,medium,moderate,factual,2,1
999,1,3,2,medium,moderate,factual,2,1
1000,9,1,2,medium,simple,opinion,4,2
1000,7,2,5,medium,simple,opinion,4,2
1000,10,3,4,medium,simple,opinion,4,2
